;link
0;http://ledaily.mg/comment-madagascar-a-cree-son-phenomene-dahalo/
1;http://www.lagazette-dgi.com/index.php?option=com_content&view=article&id=55517:depiote-jean-claude-saika-maty-voapoizina&catid=49&Itemid=111
2;http://www.lexpressmada.com/blog/actualites/ihosy-la-foule-tue-onze-dahalo/
3;http://www.lexpressmada.com/blog/actualites/ihosy-la-foule-tue-onze-dahalo/#comment-4257
4;http://www.lexpressmada.com/blog/actualites/sambava-un-fou-furieux-assassine-apres-un-meurtre/
5;http://www.lexpressmada.com/blog/actualites/tsaratanana-deux-dahalo-abattus/
6;http://www.madagascar-tribune.com/10-dahalo-abattus-a-Amboasary,17975.html
7;http://www.madagascar-tribune.com/12-dahalo-tues,20040.html
8;http://www.madagascar-tribune.com/2882-dahalo-convertis-deposent-les,20397.html
9;http://www.madagascar-tribune.com/Affaire-LOC-une-escroquerie,14219.html
10;http://www.madagascar-tribune.com/Combattre-les-dahalo-n-est-pas-du,21442.html
11;http://www.madagascar-tribune.com/De-la-democratie-a-la-violence,10974.html
12;http://www.madagascar-tribune.com/Des-tranches-horaires-inviolables,19153.html
13;http://www.madagascar-tribune.com/Economie-dahalo-et-bois-de-rose,20007.html
14;http://www.madagascar-tribune.com/Il-faut-exterminer-les-dahalo-ils,18992.html
15;http://www.madagascar-tribune.com/Indigne-de-l-agression-des,14083.html
16;http://www.madagascar-tribune.com/L-Etat-a-viole-la-loi,22518.html
17;http://www.madagascar-tribune.com/Le-probleme-des-dahalo-reste-d,17843.html
18;http://www.madagascar-tribune.com/Le-violeur-place-sous-mandat-de,10616.html
19;http://www.madagascar-tribune.com/Les-7-grands-crimes-de-2008,10429.html
20;http://www.madagascar-tribune.com/Les-dahalo-annoncent-Ampasimanjeva,20577.html
21;http://www.madagascar-tribune.com/Les-dahalo-attaquent-des-fokontany,17926.html
22;http://www.madagascar-tribune.com/Les-dahalo-continuent-leurs,18998.html
23;http://www.madagascar-tribune.com/Les-dahalo-multiplient-les,17900.html
24;http://www.madagascar-tribune.com/Les-dahalo-ont-abandonne,12782.html
25;http://www.madagascar-tribune.com/Les-dahalo-pires-que-les,20280.html
26;http://www.madagascar-tribune.com/Les-plaintes-deposees-contre-Marc,17922.html
27;http://www.madagascar-tribune.com/Marche-blanche-contre-la-violence,16720.html
28;http://www.madagascar-tribune.com/Mensonges-et-escroqueries-comme,12157.html
29;http://www.madagascar-tribune.com/Misy-malahelo-raha-maty-ny-afo,10935.html
30;http://www.madagascar-tribune.com/Mpangalatra-kamio-6-no-voasambotra,11583.html
31;http://www.madagascar-tribune.com/Namono-tena-fa-tsy-maty,10628.html
32;http://www.madagascar-tribune.com/Non-a-la-violation-des-libertes,13184.html
33;http://www.madagascar-tribune.com/Polemiques-autour-des-dahalo-miova,20478.html
34;http://www.madagascar-tribune.com/Reddition-des-2280-dahalo-dans-le,20348.html
35;http://www.madagascar-tribune.com/Se-reconcilier-avec-les-dahalo,20463.html
36;http://www.madagascar-tribune.com/Un-meurtre-de-sang-froid-en-pleine,16948.html
37;http://www.madonline.com/crime-de-sainte-marie-pas-dimpact-sur-le-tourisme/
38;http://www.madonline.com/crime-de-sainte-marie-pas-dimpact-sur-le-tourisme/#respond
39;http://www.madonline.com/ile-de-sainte-marie-quatre-individus-arretes-pour-le-meurtre-dun-couple-francais/
40;http://www.madonline.com/ile-de-sainte-marie-quatre-individus-arretes-pour-le-meurtre-dun-couple-francais/#respond
41;http://www.madonline.com/soldats-tues-par-les-dahalo-que-leur-mort-ne-soit-pas-vaine/
42;http://www.madonline.com/soldats-tues-par-les-dahalo-que-leur-mort-ne-soit-pas-vaine/#comment-462
43;http://www.madonline.com/soldats-tues-par-les-dahalo-que-leur-mort-ne-soit-pas-vaine/#comments
44;http://www.madonline.com/tag/dahalo/
45;http://www.midi-madagasikara.mg/a-la-une/2013/11/28/chef-marius-naratranny-mpanendaka-telo-lahy/
46;http://www.midi-madagasikara.mg/a-la-une/2014/08/19/monja-roindefo-famille-victime-dahalo/
47;http://www.midi-madagasikara.mg/a-la-une/2015/04/18/col-charles-andrianasoavina-deux-plaintes-au-parquet-rupture-avec-rajoelina/
48;http://www.midi-madagasikara.mg/a-la-une/2015/04/28/suicide-ou-meurtre-le-copain-de-ketaka-a-antanimora/
49;http://www.midi-madagasikara.mg/a-la-une/2015/09/02/jirama-les-non-grevistes-victimes-dagression-physique/
50;http://www.midi-madagasikara.mg/a-la-une/2015/09/02/jirama-les-non-grevistes-victimes-dagression-physique/#comments
51;http://www.midi-madagasikara.mg/a-la-une/2015/09/15/betroka-escalade-de-la-violence-un-commando-a-la-rescousse/
52;http://www.midi-madagasikara.mg/a-la-une/2015/09/15/betroka-escalade-de-la-violence-un-commando-a-la-rescousse/#comments
53;http://www.midi-madagasikara.mg/a-la-une/2015/10/19/fenoarivo-une-petite-fille-disparue-retrouvee-morte-violee/
54;http://www.midi-madagasikara.mg/a-la-une/2015/10/19/fenoarivo-une-petite-fille-disparue-retrouvee-morte-violee/#comments
55;http://www.midi-madagasikara.mg/culture/2014/12/02/peste-dahalo-montee-des-eaux-delestage-tana-menacee-par-mille-dangers/
56;http://www.midi-madagasikara.mg/dossiers/2016/10/04/cybercriminalite-cette-nouvelle-forme-deliquance-de-crime/
57;http://www.midi-madagasikara.mg/dossiers/2016/10/04/cybercriminalite-cette-nouvelle-forme-deliquance-de-crime/#respond
58;http://www.midi-madagasikara.mg/economie/2014/12/01/sucoma-morondava-la-greve-tourne-au-vandalisme-et-aux-agressions-physiques/
59;http://www.midi-madagasikara.mg/economie/2015/04/02/district-damboasary-relance-de-lagriculture-apres-les-razzias-des-dahalo/
60;http://www.midi-madagasikara.mg/faits-divers/2013/11/13/andrefanambohijanahary-vehivavy-maty-nihinana-poizina-famonoana-alika/
61;http://www.midi-madagasikara.mg/faits-divers/2013/11/13/travail-letranger-ar-800-millions-empoches-par-un-escroc/
62;http://www.midi-madagasikara.mg/faits-divers/2013/11/14/andoharanofotsy-15-lahy-nanafika-alika-4-maty-voapoizina/
63;http://www.midi-madagasikara.mg/faits-divers/2013/11/14/andoharanofotsy-15-lahy-nanafika-alika-4-maty-voapoizina/#respond
64;http://www.midi-madagasikara.mg/faits-divers/2013/11/16/fanolanana-sy-fanendahana-tratra-banga-sy-namany-roalahy-jiolahy-ikoizana/
65;http://www.midi-madagasikara.mg/faits-divers/2013/11/18/manja-polisy-notafihanny-dahalo-80-isa/
66;http://www.midi-madagasikara.mg/faits-divers/2013/11/19/anjozorobe-tomponomby-maty-voatifitra/
67;http://www.midi-madagasikara.mg/faits-divers/2013/11/19/beroroha-ady-lova-vehivavy-iray-maty-voatetika-antsy/
68;http://www.midi-madagasikara.mg/faits-divers/2013/11/19/fenerive-est-tafakatra-5-maty-mbola-misy-tsy-mahatsiaro-tena/
69;http://www.midi-madagasikara.mg/faits-divers/2013/11/19/midongy-atsimo-zandary-iray-matinny-dahalo-roa-lahy-tsy-hita-tafaverina/
70;http://www.midi-madagasikara.mg/faits-divers/2013/11/20/antsiranana-fihinanana-soka-dranomasina-olona-telo-maty-malemilemy-mando-avy-eo-fanina-tsy-mahatsiaro-tena-izay-nihinana-anilay-sokatra/
71;http://www.midi-madagasikara.mg/faits-divers/2013/11/20/asan-jiolahy-efadahy-nanafika-ny-telma-lasa-ny-volabe/
72;http://www.midi-madagasikara.mg/faits-divers/2013/11/20/fihinanana-antsantsa-niampy-telo-indray-ny-maty/
73;http://www.midi-madagasikara.mg/faits-divers/2013/11/21/andohoranofotsy-efadahy-mpanao-fanafihana-voasambotra-niaraka-taminny-basy/
74;http://www.midi-madagasikara.mg/faits-divers/2013/11/21/antsirabe-mpangalatromby-iray-maty-voatifitra/
75;http://www.midi-madagasikara.mg/faits-divers/2013/11/21/talatamaty-maty-voatifitra-ny-zanaky-ny-tompon-trano/
76;http://www.midi-madagasikara.mg/faits-divers/2013/11/22/ambatofotsy-lehilahy-iray-maty-novelesina-taminny-hazo/
77;http://www.midi-madagasikara.mg/faits-divers/2013/11/22/asan-jiolahy-tratra-ireo-nanafika-ilay-maorisiana-teny-ampitatafika/
78;http://www.midi-madagasikara.mg/faits-divers/2013/11/23/tsiroanomandidy-mpianaka-nandeha-moto-maty-nisy-nitifitra/
79;http://www.midi-madagasikara.mg/faits-divers/2013/11/25/ampanihy-andrefana-dahalo-4-maty-voatifitry-ny-zandary/
80;http://www.midi-madagasikara.mg/faits-divers/2013/11/25/ankaraobato-lehilahy-maty-voatifitra-teo-aminny-tendany/
81;http://www.midi-madagasikara.mg/faits-divers/2013/11/25/antanimora-mpanao-kidnapping-telolahy-maty-voatifitry-ny-zandary/
82;http://www.midi-madagasikara.mg/faits-divers/2013/11/25/pierrot-rajaonarivelo-incendie-dans-la-boutique-de-sa-femme-talatamaty/
83;http://www.midi-madagasikara.mg/faits-divers/2013/11/26/fifampitifirana-teny-antanimora-basinny-gal-ramananarivo-nentinireo-jiolahy/
84;http://www.midi-madagasikara.mg/faits-divers/2013/11/26/montagne-dambre-mpizaha-tany-15-voatafika/
85;http://www.midi-madagasikara.mg/faits-divers/2013/11/27/ambohimandroso-pasitera-voatafika-maty-novonoinny-jiolahy-ny-vadiny/
86;http://www.midi-madagasikara.mg/faits-divers/2013/11/27/antanimena-hain-trano-ramatoa-lehibe-60-taona-maty-kilanny-afo/
87;http://www.midi-madagasikara.mg/faits-divers/2013/11/27/mandoto-dahalo-8-lahy-voasambotra-voatifitra-ny-iray/
88;http://www.midi-madagasikara.mg/faits-divers/2013/11/28/morondava-benny-tanana-voatafika-lasanireo-jiolahy-ny-basy-sy-ny-vola/
89;http://www.midi-madagasikara.mg/faits-divers/2013/11/28/talatamaty-basy-baikal-99-sy-bala-anarivony-tratra-tao-amina-karana/
90;http://www.midi-madagasikara.mg/faits-divers/2013/11/30/andavamamba-tokantrano-telo-voatafika/
91;http://www.midi-madagasikara.mg/faits-divers/2013/12/02/ambatondrazaka-miakatra-renivohitra-ny-dahalo/
92;http://www.midi-madagasikara.mg/faits-divers/2013/12/02/anosibe-tranona-pasitera-voatafika-lasa-ny-vola-sy-ny-volamena/
93;http://www.midi-madagasikara.mg/faits-divers/2013/12/02/mandrosoa-ivato-zandary-maty-notrongisinny-fiara/
94;http://www.midi-madagasikara.mg/faits-divers/2013/12/03/ankaraobato-nasesinny-jiolahy-notafihana-ny-trano-telo/
95;http://www.midi-madagasikara.mg/faits-divers/2013/12/03/ankazoabo-atsimo-nafahanny-fitsarana-ireo-karana-voalaza-fa-mpamatsy-basy-ny-dahalo/
96;http://www.midi-madagasikara.mg/faits-divers/2013/12/03/anosikely-docker-maty-teo-aminny-zaridaina/
97;http://www.midi-madagasikara.mg/faits-divers/2013/12/03/berenty-tomponamby-roa-matinny-dahalo/
98;http://www.midi-madagasikara.mg/faits-divers/2013/12/03/faritra-anosy-androy-efa-tsy-misy-intsony-ny-famonoana-omby-rehefa-handevina/
99;http://www.midi-madagasikara.mg/faits-divers/2013/12/04/ambohidahy-jiolahy-saika-hangalatra-fiara-voasambotra/
100;http://www.midi-madagasikara.mg/faits-divers/2013/12/04/bekiraro-la-mere-et-sa-fille-violees/
101;http://www.midi-madagasikara.mg/faits-divers/2013/12/04/toamasina-tratra-ireo-mpanao-kidnapping-telo-voatifitra-iray-maty/
102;http://www.midi-madagasikara.mg/faits-divers/2013/12/05/ambohimahitsy-valolahy-mirongo-basy-nanafika-olona-iray-maty-voatifitra/
103;http://www.midi-madagasikara.mg/faits-divers/2013/12/05/antsiranana-fifandonana-teo-aminny-foroches-olona-roa-maty/
104;http://www.midi-madagasikara.mg/faits-divers/2013/12/06/bongatsara-trano-roa-notafihanny-jiolahy-olona-efatra-naratra/
105;http://www.midi-madagasikara.mg/faits-divers/2013/12/06/toamasina-talenny-orange-voatafika/
106;http://www.midi-madagasikara.mg/faits-divers/2013/12/07/imerinafovoany-tovolahikely-maty-voahitsaky-ny-camion-niparitaka-ny-atidohany/
107;http://www.midi-madagasikara.mg/faits-divers/2013/12/07/miarinarivo-polisy-nisahana-fifamoivoizana-maty-nodomina-moto/
108;http://www.midi-madagasikara.mg/faits-divers/2013/12/09/anosibe-lehilahy-notifirinny-jiolahy-teo-aminny-tarehiny/
109;http://www.midi-madagasikara.mg/faits-divers/2013/12/09/toliara-iray-maty-voatifitra-14-voasambotra/
110;http://www.midi-madagasikara.mg/faits-divers/2013/12/09/tsimenatse-omby-efatra-ramatoa-voatafika/
111;http://www.midi-madagasikara.mg/faits-divers/2013/12/09/vaky-fasana-ireo-karandoha-sisa-navelanny-jiolahy/
112;http://www.midi-madagasikara.mg/faits-divers/2013/12/10/ambato-boeny-telolahy-saika-handroba-maty-voatifitra-ny-iray/
113;http://www.midi-madagasikara.mg/faits-divers/2013/12/10/fanafihana-tao-andakana-olona-efatra-naratra-mafy-iray-maty-voatifitra/
114;http://www.midi-madagasikara.mg/faits-divers/2013/12/10/marovoay-ramatoa-maty-novonoim-badiny/
115;http://www.midi-madagasikara.mg/faits-divers/2013/12/10/rn-25-zazavavikely-maty-voadonanny-fiara/
116;http://www.midi-madagasikara.mg/faits-divers/2013/12/12/antsirabe-tokantrano-voatafika-zazavavy-roa-naolana/
117;http://www.midi-madagasikara.mg/faits-divers/2013/12/12/meurtres-trois-corps-calcines-retrouves-ambatobe/
118;http://www.midi-madagasikara.mg/faits-divers/2013/12/13/amboasary-atsimo-dahalo-20-matinny-zandary/
119;http://www.midi-madagasikara.mg/faits-divers/2013/12/13/ankorondrano-ankizy-lahy-nilomano-maty-drano/
120;http://www.midi-madagasikara.mg/faits-divers/2013/12/13/ivato-nobatainny-jiolahy-mitam-basy-taminny-kamio-ny-entana/
121;http://www.midi-madagasikara.mg/faits-divers/2013/12/13/vonoanolona-tetsy-ambohimailala-efatra-andro-efa-tsy-hita-ilay-polisy-maty/
122;http://www.midi-madagasikara.mg/faits-divers/2013/12/14/ambohimailala-tovovavy-maty-steevah-17-taona-mpianatra-lalana/
123;http://www.midi-madagasikara.mg/faits-divers/2013/12/14/famonoana-pasitera-karana-vehivavy-vietnamienne-tadiavinny-polisy/
124;http://www.midi-madagasikara.mg/faits-divers/2013/12/14/sakaraha-tomponomby-iray-matinny%e2%80%88dahalo-omby-170-voaroba/
125;http://www.midi-madagasikara.mg/faits-divers/2013/12/16/kaominina-belazao-dahalo-miandahy-miambavy-manao-fanafihana/
126;http://www.midi-madagasikara.mg/faits-divers/2013/12/17/ambato-boeny-dahalo-roa-maty-voatifitra/
127;http://www.midi-madagasikara.mg/faits-divers/2013/12/17/ambohimahitsy-fivarotana-telo-voatafika-jiolahy-iray-voasambotra/
128;http://www.midi-madagasikara.mg/faits-divers/2013/12/17/meurtre-behoririka-un-tueur-gage-dans-le-coup/
129;http://www.midi-madagasikara.mg/faits-divers/2013/12/17/taolagnaro-tovolahy-24-taona-maty-notsatohana-antsy/
130;http://www.midi-madagasikara.mg/faits-divers/2013/12/18/ambalavao-olona-3-mpanamboatra-basy-voasambotra/
131;http://www.midi-madagasikara.mg/faits-divers/2013/12/18/ampefy-olona-telo-navadiky-ny-lakana-maty-ny-iray/
132;http://www.midi-madagasikara.mg/faits-divers/2013/12/18/maevatanana-lehilahy-maty-nokapaina-famaky-teo-aminny-tendany/
133;http://www.midi-madagasikara.mg/faits-divers/2013/12/18/marovoay-jiolahy-nahatratrarana-basy/
134;http://www.midi-madagasikara.mg/faits-divers/2013/12/18/triple-meurtre-dambohimailala-une-quatrieme-personne-portee-disparue/
135;http://www.midi-madagasikara.mg/faits-divers/2013/12/19/ambohidratrimo-jiolahy-efatra-tratra-niaraka-taminny-basy-sy-bala-marobe/
136;http://www.midi-madagasikara.mg/faits-divers/2013/12/19/rn4-lehilahy-iray-maty-nodoninny-taxi-brousse/
137;http://www.midi-madagasikara.mg/faits-divers/2013/12/21/betroka-mpikambana-dimy-amina-biraom-pifidianana-notafihanny-dahalo-10/
138;http://www.midi-madagasikara.mg/faits-divers/2013/12/21/ivato-avy-nifidy-dia-maty-lehilahy-66-taona/
139;http://www.midi-madagasikara.mg/faits-divers/2013/12/23/lozam-pifamoivoizana-olona-iray-maty-telo-maratra-mafy/
140;http://www.midi-madagasikara.mg/faits-divers/2013/12/24/midongy-atsimo-zazalahy-14-taona-nataonny-dahalo-takalonaina/
141;http://www.midi-madagasikara.mg/faits-divers/2013/12/24/taolagnaro-raim-pianakaviana-iray-60-taona-maty-notapahinolona-tenda/
142;http://www.midi-madagasikara.mg/faits-divers/2013/12/26/bezaha-voasambotra-ilay-namono-sefo-fokontany/
143;http://www.midi-madagasikara.mg/faits-divers/2013/12/27/androndra-macon-maty-natsipinny-herinaratra/
144;http://www.midi-madagasikara.mg/faits-divers/2013/12/28/toamasina-ankizivavy-12-taona-maty-nohosenny-camion/
145;http://www.midi-madagasikara.mg/faits-divers/2013/12/30/ambohimandroso-olona-roa-maty-voadonanny-fiara/
146;http://www.midi-madagasikara.mg/faits-divers/2013/12/30/ampitatafika-lehilahy-avy-namonjy-mariazy-maty-voatsindrona-antsy/
147;http://www.midi-madagasikara.mg/faits-divers/2013/12/30/mahitsy-trano-telo-nasesinny-jiolahy-norobaina/
148;http://www.midi-madagasikara.mg/faits-divers/2013/12/31/annee-2013-lourd-bilan-et-pluie-de-crimes/
149;http://www.midi-madagasikara.mg/faits-divers/2013/12/31/itaosy-enin-dahy-nandroba-maty-voatifitra-ny-tompon-trano/
150;http://www.midi-madagasikara.mg/faits-divers/2013/12/31/mahitsy-fiara-nivarina-kady-olona-iray-maty-16-naratra-mafy/
151;http://www.midi-madagasikara.mg/faits-divers/2013/12/31/toamasina-mpanao-gazety-voatafika-nambanana-basy-sy-antsy-nangalarina-ny-fitaovam-piasana/
152;http://www.midi-madagasikara.mg/faits-divers/2014/01/02/fetinny-faranny-taona-olona-5-maty-177-naiditra-hopitaly-2-namono-tena/
153;http://www.midi-madagasikara.mg/faits-divers/2014/01/06/toamasina-nitsangana-tao-aminny-morgue-nesorina-ny-odiny-vao-tena-maty/
154;http://www.midi-madagasikara.mg/faits-divers/2014/01/07/espalanade-analakely-lehilahy-maty-nitambotsotra-tsy-lavitra-ny-gabone/
155;http://www.midi-madagasikara.mg/faits-divers/2014/01/10/behoririka-lehilahy-maty-voadonanny-fiara-vaky-ny-lohany-tapaka-ny-tanany/
156;http://www.midi-madagasikara.mg/faits-divers/2014/01/14/antsampanimahazo-mpivarotra-entamadinika-notafihanny-jiolahy-ny-12-tapitrisa/
157;http://www.midi-madagasikara.mg/faits-divers/2014/01/17/ambohidratrimo-trano-telo-norobainny-jiolahy/
158;http://www.midi-madagasikara.mg/faits-divers/2014/01/18/asan-jiolahy-fanafihana-teny-isotry-andavamamba-ary-soanierana-2/
159;http://www.midi-madagasikara.mg/faits-divers/2014/01/23/fanafihana-tetsy-analamahitsy-basy-fanairana-nampiasainireo-jiolahy/
160;http://www.midi-madagasikara.mg/faits-divers/2014/01/24/ambohimanarina-mpanendaka-roalahy-tratranny-polisy/
161;http://www.midi-madagasikara.mg/faits-divers/2014/01/25/anosibe-zaza-mpianatry-ny-epp-voaolana/
162;http://www.midi-madagasikara.mg/faits-divers/2014/01/27/sakaraha-camion-nivadika-mpianatra-telo-maty-olona-17-hafa-naratra-mafy/
163;http://www.midi-madagasikara.mg/faits-divers/2014/01/28/bezaha-dahalo-manao-takalonaina-mitaky-vola-tapitrisany-sy-omby-maro/
164;http://www.midi-madagasikara.mg/faits-divers/2014/01/28/toliara-sergent-maty-nitifi-tena-tao-piasany/
165;http://www.midi-madagasikara.mg/faits-divers/2014/02/01/mandoto-jiolahy-telo-nitifitra-olona-voasambotra/
166;http://www.midi-madagasikara.mg/faits-divers/2014/02/03/talatamaty-dimy-lahy-mirongo-kalachnikov-nanafika-tsena/
167;http://www.midi-madagasikara.mg/faits-divers/2014/02/07/toamasina-maty-voatifitra-ilay-nanafika-nytalenny-polisy/
168;http://www.midi-madagasikara.mg/faits-divers/2014/02/12/vakinankaratra-11-febroary-2014-nomarihana-niaraka-taminireo-zandary-maty-amperinasa/
169;http://www.midi-madagasikara.mg/faits-divers/2014/02/13/ampefiloha-vehivavy-maty-nihinjitra-teny-dalana/
170;http://www.midi-madagasikara.mg/faits-divers/2014/02/14/boeny-dahalo-2-maty-tany-manerinerina/
171;http://www.midi-madagasikara.mg/faits-divers/2014/02/14/foulpointe-fihinanana-antantsa-1-maty-ary-polony-naiditra-hopitaly/
172;http://www.midi-madagasikara.mg/faits-divers/2014/02/15/mahitsy-jiolahy-telo-nanafika-fivarotana-enta-madinika/
173;http://www.midi-madagasikara.mg/faits-divers/2014/02/18/ambalavao-filoham-pokontany-maty-olona-telo-nosamborina/
174;http://www.midi-madagasikara.mg/faits-divers/2014/02/21/ambalavao-mpianatry-ny-lycee-maty-nanao-dahalo/
175;http://www.midi-madagasikara.mg/faits-divers/2014/02/21/sakaraha-dahalo-enina-voatifitra-dimy-hafa-azo-sambo-belona/
176;http://www.midi-madagasikara.mg/faits-divers/2014/02/24/analakely-coup-de-filet-sur-seize-mpanendaka/
177;http://www.midi-madagasikara.mg/faits-divers/2014/02/24/antsirabe-vono-olona-teny-ivohitra-voasambotra-ilay-nahavanon-doza/
178;http://www.midi-madagasikara.mg/faits-divers/2014/02/25/itasy-dahalo-telo-lahy-nanafika-ka-maty-ny-iray-taminizy-ireo/
179;http://www.midi-madagasikara.mg/faits-divers/2014/02/27/antsirabe-jiolahy-sy-jiovavy-8-ravanny-polisy/
180;http://www.midi-madagasikara.mg/faits-divers/2014/03/04/vakinakaratra-dahalo-nanafika-lasa-ny-omby-miisa-folo/
181;http://www.midi-madagasikara.mg/faits-divers/2014/03/08/oniversitenantsiranana-misy-voasambotra-ireo-nitokona/
182;http://www.midi-madagasikara.mg/faits-divers/2014/03/10/ambatolampikely-antehiroka-jiolahy-4-nandroba-voatsindrona-antsy-ny-tompon-trano/
183;http://www.midi-madagasikara.mg/faits-divers/2014/03/11/ambodinisotry-maty-novonoinny-mpanendaka-notsatohana-antsy-im-balo/
184;http://www.midi-madagasikara.mg/faits-divers/2014/03/13/betroka-olona-enina-maty-roa-hafa-naratra-mafy/
185;http://www.midi-madagasikara.mg/faits-divers/2014/03/14/betroka-dahalo-13-maty-voatifitra/
186;http://www.midi-madagasikara.mg/faits-divers/2014/03/14/toliara-raikitra-ny-fifampitifirana-dahalo-iray-maty/
187;http://www.midi-madagasikara.mg/faits-divers/2014/03/15/anosivavaka-vehivavy-iay-maty-nodominny-taxi/
188;http://www.midi-madagasikara.mg/faits-divers/2014/03/18/analamahitsy-fanafihana-ny-perception-jiolahy-telo-maty-voatifitra-iray-azo-sambo-belona/
189;http://www.midi-madagasikara.mg/faits-divers/2014/03/21/befandriana-avratra-jiolahy-nandroba-nirongo-basy-vita-gasy/
190;http://www.midi-madagasikara.mg/faits-divers/2014/03/21/fenoarivobe-jiolahy-avy-nandroba-mpitondra-moto-maty-voatifitra/
191;http://www.midi-madagasikara.mg/faits-divers/2014/03/22/ambovombe-androy-dahalo-nanafika-niveri-maina/
192;http://www.midi-madagasikara.mg/faits-divers/2014/03/22/anosizato-lakana-navesatra-loatra-lehilahy-iray-maty/
193;http://www.midi-madagasikara.mg/faits-divers/2014/03/24/amboasary-atsimo-olona-dimy-maty-tapa-doha/
194;http://www.midi-madagasikara.mg/faits-divers/2014/03/24/antsirabe-olona-iray-voatifitry-ny-dahalo/
195;http://www.midi-madagasikara.mg/faits-divers/2014/03/24/faratsiho-mpanangom-bokatra-voatafika-lasa-ny-20-tapitrisa-ar/
196;http://www.midi-madagasikara.mg/faits-divers/2014/03/25/ambatofinandrahana-dahalo-efatra-matinny-fitsaram-bahoaka/
197;http://www.midi-madagasikara.mg/faits-divers/2014/03/26/ambatofinandrahana-lehilahy-iray-voasambotra-niaraka-taminny-basy/
198;http://www.midi-madagasikara.mg/faits-divers/2014/03/27/ambohidratrimo-maty-nanavotra-ny-namany/
199;http://www.midi-madagasikara.mg/faits-divers/2014/03/28/maevatanana-lehilahy-maty-voatifitra/
200;http://www.midi-madagasikara.mg/faits-divers/2014/03/28/toliara-na-maty-na-velona-remenabila-mitohy-ny-ady-aminny-asan-dahalo/
201;http://www.midi-madagasikara.mg/faits-divers/2014/04/01/ankadinandriana-lehilahy-maty-namono-tena/
202;http://www.midi-madagasikara.mg/faits-divers/2014/04/01/antsirabe-jiolahy-dimy-voasambotra-mpanamboatra-basy-ny-iray/
203;http://www.midi-madagasikara.mg/faits-divers/2014/04/02/farafangana-ramatoabe-83-taona-maty-voadonanny-moto/
204;http://www.midi-madagasikara.mg/faits-divers/2014/04/07/toliara-mpanarato-maty-navadiky-ny-lakana/
205;http://www.midi-madagasikara.mg/faits-divers/2014/04/09/amboasary-atsimo-vehivavy-roa-novonoinny-dahalo-taminny-fomba-mamoehatra/
206;http://www.midi-madagasikara.mg/faits-divers/2014/04/11/andavamamba-pasitera-voatafika-lasa-ny-vola-sy-entana-maro/
207;http://www.midi-madagasikara.mg/faits-divers/2014/04/12/toliara-ii-rangahy-iray-maty-voatifitra-mpivady-naratra-mafy-voafira-famaky/
208;http://www.midi-madagasikara.mg/faits-divers/2014/04/15/analalava-tovovavy-maty-taminny-fomba-feno-habibiana/
209;http://www.midi-madagasikara.mg/faits-divers/2014/04/15/mahajanga-mpianatra-2-maty-natelinny-rano-teny-aminny-grand-pavois/
210;http://www.midi-madagasikara.mg/faits-divers/2014/04/15/nanisana-fandaravana-tranoolona-iray-maty-tapaka-lalan-dra/
211;http://www.midi-madagasikara.mg/faits-divers/2014/04/16/toamasina-tranom-barotra-iray-voatafika-voatifitra-ny-tompony/
212;http://www.midi-madagasikara.mg/faits-divers/2014/04/17/vangaindrano-dahalo-roa-maty-nifanehitra-taminny-zandary/
213;http://www.midi-madagasikara.mg/faits-divers/2014/04/18/antsirabe-maty-votifitry-ny-polisy-i-liva-banga/
214;http://www.midi-madagasikara.mg/faits-divers/2014/04/18/imerintsiatosika-henan-kisoa-voapoizina-lehilahy-iray-voasambotra/
215;http://www.midi-madagasikara.mg/faits-divers/2014/04/18/mahazo-ramatoa-iray-maty-nohosenny-camion/
216;http://www.midi-madagasikara.mg/faits-divers/2014/04/19/sambava-lozam-pifamoivoizana-olona-iray-maty-dimy-maratra-mafy/
217;http://www.midi-madagasikara.mg/faits-divers/2014/04/22/antsiranana-maty-voatifitra-doro-mpangalatra-omby-nikohoizana/
218;http://www.midi-madagasikara.mg/faits-divers/2014/04/24/maevatanana-mpitaingina-moto-maty-latsaka-tany-ambany-tetezana/
219;http://www.midi-madagasikara.mg/faits-divers/2014/04/28/mandraka-citerne-nivadika-olona-roa-maty/
220;http://www.midi-madagasikara.mg/faits-divers/2014/04/29/ihorombe-dahalo-41-maty-fokonolona-4-maty-ary-zandary-iray-naratra/
221;http://www.midi-madagasikara.mg/faits-divers/2014/04/30/betioky-jiolahy-roa-maty-sady-tsy-nahazo-vola/
222;http://www.midi-madagasikara.mg/faits-divers/2014/04/30/betroka-dahalo-80-lahy-nanafika2-maty/
223;http://www.midi-madagasikara.mg/faits-divers/2014/05/02/antanimena-mpangalatra-scooter-maty-nodarohinny-olona/
224;http://www.midi-madagasikara.mg/faits-divers/2014/05/05/ankazoabo-atsimo-dahalo-17-maty-voatifitra-8-azo-sambo-belona/
225;http://www.midi-madagasikara.mg/faits-divers/2014/05/08/ambalavao-isotry-mpivarotra-kodiarana-hosoka-voasambotra/
226;http://www.midi-madagasikara.mg/faits-divers/2014/05/10/anosy-voasambotra-i-kevin-mpanao-fisolokiana-sy-taratasy-hosoka/
227;http://www.midi-madagasikara.mg/faits-divers/2014/05/14/ihosy-zandary-maty-teo-am-pisavana-taratasy/
228;http://www.midi-madagasikara.mg/faits-divers/2014/05/14/tsiroanomandidy-ramatoa-maty-voakapa-famaky/
229;http://www.midi-madagasikara.mg/faits-divers/2014/05/15/asa-any-maurice-olona-40-voasoloky-lehilahy-iray-voasambotra/
230;http://www.midi-madagasikara.mg/faits-divers/2014/05/16/antanandrano-vehivavy-mpivarotra-rongony-voasambotra/
231;http://www.midi-madagasikara.mg/faits-divers/2014/05/19/andravoahangy-nirefotra-ny-basy-lasanny-jiolahy-ny-vola-iray-sakaosy/
232;http://www.midi-madagasikara.mg/faits-divers/2014/05/20/iavoloha-tokantrano-iray-voatafika-naratra-mafy-voadaroka-ny-tompon-trano/
233;http://www.midi-madagasikara.mg/faits-divers/2014/05/21/67ha-jiolahy-iray-voatifitra/
234;http://www.midi-madagasikara.mg/faits-divers/2014/05/21/moramanga-mpivady-antitra-maty-nisy-nikapa-famaky-tao-an-tranony/
235;http://www.midi-madagasikara.mg/faits-divers/2014/05/28/mandoto-olona-3-maty-notifirinny-jiolahy-2-naratra-mafy/
236;http://www.midi-madagasikara.mg/faits-divers/2014/05/30/amboanjobe-nanafika-ny-jiolahy-lehilahy-iray-maratra-mafy/
237;http://www.midi-madagasikara.mg/faits-divers/2014/05/30/famonoana-karana-tany-toliara-afaka-ireo-olona-telo-voarohirohy/
238;http://www.midi-madagasikara.mg/faits-divers/2014/06/02/arivonimamo-fivarotana-telo-voaroba-lasanny-jiolahy-ny-vola-sy-ny-basy/
239;http://www.midi-madagasikara.mg/faits-divers/2014/06/05/itaosy-lehilahy-maty-nodominny-camion/
240;http://www.midi-madagasikara.mg/faits-divers/2014/06/06/faravohitra-mpanendaka-roalahy-tratra/
241;http://www.midi-madagasikara.mg/faits-divers/2014/06/10/moramanga-ankizy-maty-tsovaky-ny-rano-mafana/
242;http://www.midi-madagasikara.mg/faits-divers/2014/06/17/ambohidratrimo-famonoana-mpampianatra-olona-telo-voasambotra/
243;http://www.midi-madagasikara.mg/faits-divers/2014/06/19/mahanoro-zazavavikely-8-taona-voaolana/
244;http://www.midi-madagasikara.mg/faits-divers/2014/06/20/operation-coup-darret-dahalo-26-no-efa-maty-ary-manomboka-milamina-ny-tanana/
245;http://www.midi-madagasikara.mg/faits-divers/2014/06/27/mahamasina-fifanosehana-olona-2-maty-25-maratra/
246;http://www.midi-madagasikara.mg/faits-divers/2014/07/01/ivato-voasambotra-ireo-olona-efatra-nandroba-3-tapitrisa-ariary/
247;http://www.midi-madagasikara.mg/faits-divers/2014/07/09/ambatomaro-fivarotana-dimy-indray-voatafika/
248;http://www.midi-madagasikara.mg/faits-divers/2014/07/14/isotry-mpangalatra-anaty-fiara-voasambotra/
249;http://www.midi-madagasikara.mg/faits-divers/2014/07/15/behoririka-mpangalatra-fiara-nahafaty-sinoa-fito-no-voasambotra/
250;http://www.midi-madagasikara.mg/faits-divers/2014/07/15/tolagnaro-zaza-7-volana-sy-ny-reniny-maty-notapahana-tenda/
251;http://www.midi-madagasikara.mg/faits-divers/2014/07/18/hetsika-coup-darret-niampy-indray-ireo-manampahefana-voasambotra/
252;http://www.midi-madagasikara.mg/faits-divers/2014/07/22/tsiroanomandidy-lehilahy-maty-voahitsaky-ny-kamiao/
253;http://www.midi-madagasikara.mg/faits-divers/2014/07/24/ambohimangakely-zaza-5-taona-maty-nodominny-4x4/
254;http://www.midi-madagasikara.mg/faits-divers/2014/07/26/kidnapping-karana-olona-2-hafa-voasambotra-fiarana-penitentiaire-no-nampiasaina/
255;http://www.midi-madagasikara.mg/faits-divers/2014/08/05/anjoma-ramaritinina-jiolahy-roa-maty-voatifitry-ny-miaramila/
256;http://www.midi-madagasikara.mg/faits-divers/2014/08/05/fanafihan-dahalo-antanetibe-mahazaza-firavaka-volamena-maro-sy-vola-an-tapitrisa-very/
257;http://www.midi-madagasikara.mg/faits-divers/2014/08/18/tsivory-lehibenny-borigady-iray-sy-ny-lefiny-lavonny-dahalo/
258;http://www.midi-madagasikara.mg/faits-divers/2014/08/19/by-pass-afomanga-noheverina-ho-andian-jiolahy-nanafika/
259;http://www.midi-madagasikara.mg/faits-divers/2014/08/19/rn-44-fiara-mpitatitra-entana-notifirinny-jiolahy/
260;http://www.midi-madagasikara.mg/faits-divers/2014/08/20/lozam-pifamoivoizana-mpivady-indray-maty-tetsy-andoharanofotsy/
261;http://www.midi-madagasikara.mg/faits-divers/2014/08/21/toliara-mpirahavavy-avy-nivavaka-saika-voaolana/
262;http://www.midi-madagasikara.mg/faits-divers/2014/08/23/kidnapping-alasora-ambohibao-ary-talatamaty-no-fanafenana-ireo-karana/
263;http://www.midi-madagasikara.mg/faits-divers/2014/08/25/ambohidratrimo-tokantrano-maromaro-nasesinny-jiolahy-nitondra-kalaky/
264;http://www.midi-madagasikara.mg/faits-divers/2014/08/28/ambatondrazaka-kidnapping-ankizy-vavy-olona-enina-voasambotra/
265;http://www.midi-madagasikara.mg/faits-divers/2014/09/04/atsimondrano-olona-efatra-nanao-hosoka-voasambotra/
266;http://www.midi-madagasikara.mg/faits-divers/2014/09/04/avaradrano-tokantrano-telo-nasesinny-jiolahy-olona-iray-maty-iray-hafa-naratra-mafy/
267;http://www.midi-madagasikara.mg/faits-divers/2014/09/09/toliara-notifirinny-jiolahy-ny-zanaky-ny-tompon-trano/
268;http://www.midi-madagasikara.mg/faits-divers/2014/09/10/andavamamba-ramatoa-voaendaka-lasanny-jiolahy-ny-vola-ar-60-000-sy-finday-avolenta-roa/
269;http://www.midi-madagasikara.mg/faits-divers/2014/09/13/ankazobe-mpanakan-dalana-maty-voatifitry-ny-zandary/
270;http://www.midi-madagasikara.mg/faits-divers/2014/09/15/tsenanny-coum-67ha-hanao-tsena-maty-ireo-mpivarotra-ny-talata-ho-avy-izao/
271;http://www.midi-madagasikara.mg/faits-divers/2014/09/17/antsirabe-mompera-sandoka-nisoloky-ar-15-tapitrisa-voasambotra/
272;http://www.midi-madagasikara.mg/faits-divers/2014/09/23/brickaville-meurtre-crapuleux-les-trois-assassins-arretes/
273;http://www.midi-madagasikara.mg/faits-divers/2014/09/26/dahalo-namono-zandary-maty-voatifitra-ny-roa-azo-sambo-belona-ny-iray/
274;http://www.midi-madagasikara.mg/faits-divers/2014/09/27/faradofay-fanafihan-jiolahy-namoy-ny-ainy-i-vololona-mpihazakazaka-lavitra-ezaka/
275;http://www.midi-madagasikara.mg/faits-divers/2014/10/01/67ha-lehilahy-maty-voadonny-kamio-no-sady-voaendaka/
276;http://www.midi-madagasikara.mg/faits-divers/2014/10/01/toliara-fivarotana-roa-voatafika-tovolahy-iray-maty-voatifitra/
277;http://www.midi-madagasikara.mg/faits-divers/2014/10/02/tsinjoarivo-ambatolampy-nifampitifitra-ny-miaramila-sy-ny-jiolahy/
278;http://www.midi-madagasikara.mg/faits-divers/2014/10/07/isotry-mpandendaka-telo-lahy-voasambotra/
279;http://www.midi-madagasikara.mg/faits-divers/2014/10/14/analamahitsy-vehivavy-voaendaka-sy-voaolana/
280;http://www.midi-madagasikara.mg/faits-divers/2014/10/16/ankazomiriotra-lehilahy-iray-maty-voatrobaky-ny-lefona-sy-voakapa-famaky/
281;http://www.midi-madagasikara.mg/faits-divers/2014/10/21/antaninarenina-jiolahy-manao-saron-tava-nanafika/
282;http://www.midi-madagasikara.mg/faits-divers/2014/10/22/carion-taksibrosy-nidona-olona-iray-maty-11-naratra/
283;http://www.midi-madagasikara.mg/faits-divers/2014/10/24/fort-dauphin-vaky-fasana-olona-12-lahy-nivarotra-taolam-paty-voasambotra/
284;http://www.midi-madagasikara.mg/faits-divers/2014/10/28/ambohimanarina-mpamaky-trano-roa-voasambotra/
285;http://www.midi-madagasikara.mg/faits-divers/2014/10/28/antsirabe-jiolahy-nitondra-kalach-voasambotra-tao-anaty-taxi-brousse/
286;http://www.midi-madagasikara.mg/faits-divers/2014/10/29/ivato-adinny-mpivady-zandary-iray-maty-voatrobaky-ny-bala/
287;http://www.midi-madagasikara.mg/faits-divers/2014/11/07/fisolokiana-ho-mpiasanny-cua-olona-dimy-voasambotra-pompier-no-atidoha/
288;http://www.midi-madagasikara.mg/faits-divers/2014/11/08/toliara-jiolahy-telo-voasambotra-niaraka-taminny-basy-ody-gasy/
289;http://www.midi-madagasikara.mg/faits-divers/2014/11/11/ambohimangakely-jiolahy-fito-voasambotry-ny-zandary/
290;http://www.midi-madagasikara.mg/faits-divers/2014/11/11/andranomanelatra-jiolahy-mpamaky-trano-sy-fiangonana-saronny-zandary/
291;http://www.midi-madagasikara.mg/faits-divers/2014/11/14/analakely-mpanendaka-15-voasambotra/
292;http://www.midi-madagasikara.mg/faits-divers/2014/11/18/antsirabe-jiolahy-mpamaky-fiangonana-voasambotra-taty-an-drenivohitra/
293;http://www.midi-madagasikara.mg/faits-divers/2014/11/20/itaosy-zandary-maty-notsatohanny-vadiny-taminny-hety/
294;http://www.midi-madagasikara.mg/faits-divers/2014/11/20/toamasina-telo-mianaka-maty-voatifitra/
295;http://www.midi-madagasikara.mg/faits-divers/2014/11/21/ambalavao-jiolahy-efatra-maty-voatifitra/
296;http://www.midi-madagasikara.mg/faits-divers/2014/11/21/moramanga-tomponomby-maty-notifirinny-dahalo/
297;http://www.midi-madagasikara.mg/faits-divers/2014/11/22/mahamasina-mpanendaka-10-mianadahy-nosamborinny-polisy/
298;http://www.midi-madagasikara.mg/faits-divers/2014/11/22/soavimasoandro-tovovavy-maty-nianjeranny-tamboho/
299;http://www.midi-madagasikara.mg/faits-divers/2014/11/24/androndrakely-ankizilahy-maty-drano/
300;http://www.midi-madagasikara.mg/faits-divers/2014/11/25/famonoana-vadina-pasitera-teny-itaosy-karohina-fatratra-ilay-mpanampy/
301;http://www.midi-madagasikara.mg/faits-divers/2014/11/26/ankasina-kilemaina-maty-kilanny-afo/
302;http://www.midi-madagasikara.mg/faits-divers/2014/11/28/meurtre-toliara-six-individus-dont-trois-francais-devant-la-barre/
303;http://www.midi-madagasikara.mg/faits-divers/2014/12/01/bongatsara-jiolahy-efatra-mirongo-fiadiana-nanafika-masera/
304;http://www.midi-madagasikara.mg/faits-divers/2014/12/02/ambositra-jiolahy-raindahiny-nohamafisinny-fikambanana-mampiray-ny-tamboho-ny-fonja/
305;http://www.midi-madagasikara.mg/faits-divers/2014/12/03/moramanga-mpifankia-naira-maty-tototry-ny-tany/
306;http://www.midi-madagasikara.mg/faits-divers/2014/12/08/anjanadoria-telo-mianaka-maty-nilatsahanny-varatra/
307;http://www.midi-madagasikara.mg/faits-divers/2014/12/10/ankorondrano-feno-mpanendaka-ny-arabe-raha-vao-maizina/
308;http://www.midi-madagasikara.mg/faits-divers/2014/12/13/ambatobe-notifirinny-jiolahy-fa-nanohitra-ilay-tovolahy/
309;http://www.midi-madagasikara.mg/faits-divers/2014/12/15/fenoarivo-mpivady-maty-notsatohana-antsy-tao-tranony/
310;http://www.midi-madagasikara.mg/faits-divers/2014/12/17/antsirabe-trano-notetezinny-varatra-omby-iray-maty-avotra-ny-ainilay-tovolahy-kely/
311;http://www.midi-madagasikara.mg/faits-divers/2014/12/18/ampanefy-mpivarotra-iray-notafihanny-jiolahy-mirongo-kalaky/
312;http://www.midi-madagasikara.mg/faits-divers/2014/12/20/behoririka-vazaha-namaly-mpanendaka-tafatsoaka-izay-naratra/
313;http://www.midi-madagasikara.mg/faits-divers/2014/12/24/anosivavaka-varatra-nilatsaka-lehilahy-iray-maty-roa-hafa-naratra-mafy/
314;http://www.midi-madagasikara.mg/faits-divers/2014/12/24/toamasina-nivadika-rotaka-ny-delestazy-iray-maty-marobe-no-voasambotra/
315;http://www.midi-madagasikara.mg/faits-divers/2014/12/26/ambatomirahavavy-ankizy-roa-maty-nilatsahanny-varatra/
316;http://www.midi-madagasikara.mg/faits-divers/2014/12/26/hjra-telo-maty-132-notsaboina-nandritra-ny-noely/
317;http://www.midi-madagasikara.mg/faits-divers/2014/12/29/anosibe-mpanao-taxiphone-maty-voatsatoka-antsy/
318;http://www.midi-madagasikara.mg/faits-divers/2015/01/06/antanifotsy-olona-5-maty-nilatsaham-potaka-2-lasanny-rano/
319;http://www.midi-madagasikara.mg/faits-divers/2015/01/06/namontana-jiolahy-maromaro-namaky-trano-nodidininny-fokonolona/
320;http://www.midi-madagasikara.mg/faits-divers/2015/01/07/marolambo-tafatsoaka-ny-violon-fa-matinny-olona/
321;http://www.midi-madagasikara.mg/faits-divers/2015/01/07/toliara-lasanny-sarimbavy-mpanendaka-ny-volabe/
322;http://www.midi-madagasikara.mg/faits-divers/2015/01/09/hala-jaza-ankizivavy-8-taona-nentinolon-tsy-fantatra-nitsoaka-sy-voaolana/
323;http://www.midi-madagasikara.mg/faits-divers/2015/01/12/mandoto-raim-pianakaviana-maty-notifirinny-zaodahiny/
324;http://www.midi-madagasikara.mg/faits-divers/2015/01/13/ambohidratrimo-lehilahy-maty-nihotsahanny-tany/
325;http://www.midi-madagasikara.mg/faits-divers/2015/01/14/ambatondrazaka-famonoana-polisy-olona-8-voasambotra/
326;http://www.midi-madagasikara.mg/faits-divers/2015/01/16/tovovavy-gasy-maty-tany-paris-afeninny-polisy-ny-anarany/
327;http://www.midi-madagasikara.mg/faits-divers/2015/01/20/ambohibao-mpitahiry-volanny-fiangonana-maty-vaotifitry-ny-jiolahy/
328;http://www.midi-madagasikara.mg/faits-divers/2015/01/21/ambodirano-ivato-fanafihana-mitam-piadina-mpianadahy-naratra-mafy-voatifitry-ny-jiolahy/
329;http://www.midi-madagasikara.mg/faits-divers/2015/01/21/toamasina-zazakely-3-volana-maty-nozaraina-roa/
330;http://www.midi-madagasikara.mg/faits-divers/2015/01/23/fort-dauphin-demande-douverture-denquete-sur-laffaire-de-meurtre-dun-ex-maire/
331;http://www.midi-madagasikara.mg/faits-divers/2015/01/24/andranomanalina-voatafika-hatraminny-mpivarotra-saribao/
332;http://www.midi-madagasikara.mg/faits-divers/2015/01/26/alasora-tokantrano-roa-notetezinny-jiolahy-dimy-mirongo-fitaovam-piadiana/
333;http://www.midi-madagasikara.mg/faits-divers/2015/01/29/antsirabe-miaramila-maty-voadonanny-fiara/
334;http://www.midi-madagasikara.mg/faits-divers/2015/01/30/ambohitrimanjaka-lehilahy-voasambotra-saika-hividy-taozavatra-taminny-vola-sandoka/
335;http://www.midi-madagasikara.mg/faits-divers/2015/02/03/famonoana-ani-andry-rakotovao-karohinny-polisy-nary-nampiatrano-ilay-mpamily/
336;http://www.midi-madagasikara.mg/faits-divers/2015/02/03/fanafihan-dahalo-nitsoaka-ny-mponinilakaka-sasany-omaly/
337;http://www.midi-madagasikara.mg/faits-divers/2015/02/04/ilakaka-mpivarotra-saphir-voatafika/
338;http://www.midi-madagasikara.mg/faits-divers/2015/02/04/orana-mikija-vehivavy-iray-maty-nihotsahanny-trano-trano-dimy-noravana/
339;http://www.midi-madagasikara.mg/faits-divers/2015/02/06/maintirano-mirongatra-ny-fanafihan-jiolahy-mitam-basy/
340;http://www.midi-madagasikara.mg/faits-divers/2015/02/11/67-ha-mpanendaka-mpamily-taxi-voasambotra-ary-nalefa-eny-tsiafahy/
341;http://www.midi-madagasikara.mg/faits-divers/2015/02/11/sambava-voasambotra-ny-mpisoloky-gaigilahy-aminny-lalao-orange-madagascar/
342;http://www.midi-madagasikara.mg/faits-divers/2015/02/19/67ha-jiolahy-fito-tratra-amodi-omby/
343;http://www.midi-madagasikara.mg/faits-divers/2015/02/19/kidnapping-iray-miliara-no-tadiavinireo-jiolahy/
344;http://www.midi-madagasikara.mg/faits-divers/2015/02/24/mpanafika-taxi-roa-lahy-voasambotra-teny-67ha/
345;http://www.midi-madagasikara.mg/faits-divers/2015/02/25/toliara-maty-ilay-tovovavy-22-taona-niteraka-zaza-sampona/
346;http://www.midi-madagasikara.mg/faits-divers/2015/02/26/ambatondrazaka-lehilahy-iray-maty-voapoizinny-sakafo/
347;http://www.midi-madagasikara.mg/faits-divers/2015/02/26/isotry-lehilahy-mamo-voaolana-sady-voaendaka-no-voadaroka/
348;http://www.midi-madagasikara.mg/faits-divers/2015/02/26/isotry-taxi-phone-voatafika-voatondraka-asidra/
349;http://www.midi-madagasikara.mg/faits-divers/2015/02/26/tsimbazaza-mpivady-maty-nihotsahanny-trano/
350;http://www.midi-madagasikara.mg/faits-divers/2015/03/03/antsirabe-vehivavy-iray-maty-nihotsahanny-trano/
351;http://www.midi-madagasikara.mg/faits-divers/2015/03/03/faux-mercure-deux-escrocs-a-tsiafahy/
352;http://www.midi-madagasikara.mg/faits-divers/2015/03/04/ambilobe-vehivavy-voaolana-hita-faty-tany-anaty-ala/
353;http://www.midi-madagasikara.mg/faits-divers/2015/03/04/antsirabe-mirongatra-ny-halatra-batterie-olona-13-voasambotra/
354;http://www.midi-madagasikara.mg/faits-divers/2015/03/05/antanimena-mpanendaka-roalahy-saika-maty-niharanny-fitsaram-bahoaka/
355;http://www.midi-madagasikara.mg/faits-divers/2015/03/05/route-digue-agression-armee-dans-un-taxi-be/
356;http://www.midi-madagasikara.mg/faits-divers/2015/03/06/anosibe-ankizy-voatifitry-ny-mpanendaka/
357;http://www.midi-madagasikara.mg/faits-divers/2015/03/11/raharaha-andry44-voasambotra-i-bary-dominique/
358;http://www.midi-madagasikara.mg/faits-divers/2015/03/12/ampasika-ankorondrano-taxi-roa-voatafiky-ny-jiolahy-mitam-basy-lasa-ny-volabe/
359;http://www.midi-madagasikara.mg/faits-divers/2015/03/12/soarano-sendra-ny-bokonozatra-ny-mpanendaka/
360;http://www.midi-madagasikara.mg/faits-divers/2015/03/14/escalier-lambert-agression-suivie-de-vol-dun-africain/
361;http://www.midi-madagasikara.mg/faits-divers/2015/03/19/sahanivotry-antsirabe-ii-olona-2-nisy-namono-voasambotra-ny-efa-dahy-nahavanon-doza/
362;http://www.midi-madagasikara.mg/faits-divers/2015/03/20/ambohidahy-mpanendaka-niharanny-fitsaram-bahoaka/
363;http://www.midi-madagasikara.mg/faits-divers/2015/03/21/ankadindramamy-raikitra-ny-fifampitifirana-teo-aminny-jiolahy-sy-ny-polisy/
364;http://www.midi-madagasikara.mg/faits-divers/2015/03/21/menabe-un-dahalo-ligote-et-lynche-par-la-foule/
365;http://www.midi-madagasikara.mg/faits-divers/2015/03/26/isotry-antohomadinika-jiolahy-mitam-basy-nanafika-epicerie-maromaro/
366;http://www.midi-madagasikara.mg/faits-divers/2015/04/03/ambodivona-maty-omaly-maraina-ilay-mainny-herinaratra/
367;http://www.midi-madagasikara.mg/faits-divers/2015/04/04/ampefiloha-fanakorontanana-halatra-moto-vaky-trano-roalahy-voasambotra/
368;http://www.midi-madagasikara.mg/faits-divers/2015/04/09/ambalavao-isotry-lasanny-jiolahy-mitam-basy-ny-tablette-tanaty-fiara/
369;http://www.midi-madagasikara.mg/faits-divers/2015/04/09/rn9-lozam-pifamoivoizana-lehilahy-37-taona-maty-olona-roa-naratra-mafy/
370;http://www.midi-madagasikara.mg/faits-divers/2015/04/10/ilakaka-olona-iray-maty-iray-hafa-naratra-mafy-voatifitra/
371;http://www.midi-madagasikara.mg/faits-divers/2015/04/11/ambositra-olona-4-maty-nokaikerina-alika-romotra/
372;http://www.midi-madagasikara.mg/faits-divers/2015/04/11/andramasina-norobainny-jiolahy-ny-chef-zap-niaraka-taminny-mpampianatra-efatra/
373;http://www.midi-madagasikara.mg/faits-divers/2015/04/14/ambohimanga-rova-maty-norasarasainny-jiolahy-ilay-raim-pianakaviana/
374;http://www.midi-madagasikara.mg/faits-divers/2015/04/15/ambohidahy-antanimena-mpanendaka-roalahy-voasambotra/
375;http://www.midi-madagasikara.mg/faits-divers/2015/04/18/ambatondrazaka-mpivady-notetehanny-jiolahy-taminny-famaky-lasa-ny-vola-sy-volamena/
376;http://www.midi-madagasikara.mg/faits-divers/2015/04/21/moramanga-lahy-antitra-maty-teo-am-pakana-fisotroan-dronono/
377;http://www.midi-madagasikara.mg/faits-divers/2015/04/22/ambatondrazaka-mpanakan-dalana-sy-mpamaky-trano-voasambotra/
378;http://www.midi-madagasikara.mg/faits-divers/2015/04/23/betongolo-vehivavy-maty-nihantona-taminny-rideau-tao-an-tranony/
379;http://www.midi-madagasikara.mg/faits-divers/2015/04/24/salon-de-massage-fivarotan-tena-ana-tsy-ampy-taona-sy-mbola-virijina-voasambotra-ny-atidoha/
380;http://www.midi-madagasikara.mg/faits-divers/2015/04/24/tsihombe-trafikana-sokatra-roalahy-voasambotra/
381;http://www.midi-madagasikara.mg/faits-divers/2015/04/25/alasora-mandrahona-ny-dahalo/
382;http://www.midi-madagasikara.mg/faits-divers/2015/04/25/analakely-mpanendaka-volamena-sy-mpividy-volamena-halatra-6-voasambotra/
383;http://www.midi-madagasikara.mg/faits-divers/2015/04/27/analakely-asianireo-mpanendaka-marika-ireo-olona-hanaovany-ny-asa-ratsiny/
384;http://www.midi-madagasikara.mg/faits-divers/2015/04/27/toliara-fiangonana-vaky-lasanny-jiolahy-ny-vola-sy-ny-entana/
385;http://www.midi-madagasikara.mg/faits-divers/2015/04/28/andekaleka-tovolahy-iray-maty-nizarazara-voahitsaky-ny-lamasinina/
386;http://www.midi-madagasikara.mg/faits-divers/2015/04/28/fisandohana-voasambotra-i-beloha-milaza-ho-polisy/
387;http://www.midi-madagasikara.mg/faits-divers/2015/04/30/androhibe-fifampitifirana-teo-aminny-jiolahy-sy-ny-mpitandro-filaminana/
388;http://www.midi-madagasikara.mg/faits-divers/2015/04/30/behoririka-mandeha-tsiroaroa-ny-mpisam-iray-voasambotra/
389;http://www.midi-madagasikara.mg/faits-divers/2015/05/05/fampisehoani-lola-teny-antsonjobe-mpanendaka-mpangarom-pasy-11-voasambotra/
390;http://www.midi-madagasikara.mg/faits-divers/2015/05/05/miarinarivo-fanafihan-jiolahy-mahery-vaika-olona-iray-voatifitra-45-tapitrisa-no-very/
391;http://www.midi-madagasikara.mg/faits-divers/2015/05/06/vohemar-raim-pianakaviana-iray-maty-nitifi-tena/
392;http://www.midi-madagasikara.mg/faits-divers/2015/05/07/toliara-renim-pianakaviana-53-taona-voaolana-sy-voavono/
393;http://www.midi-madagasikara.mg/faits-divers/2015/05/08/mandoto-fanafihan-dahalo-mahery-vaika-olona-roa-namoy-ny-ainy-iray-hafa-tsy-hita-popoka/
394;http://www.midi-madagasikara.mg/faits-divers/2015/05/09/fandefasana-olona-an-tsokosoko-any-ivelany-voasambotra-ny-atidoha-miaraka-aminny-tomponandraiki-panjakana-iray/
395;http://www.midi-madagasikara.mg/faits-divers/2015/05/11/fanafihana-tao-mandoto-voasambotra-ny-dimy-taminireo-dahalo-niaraka-taminny-basy-telo/
396;http://www.midi-madagasikara.mg/faits-divers/2015/05/11/miarinarivo-jiolahy-miaraka-aminny-kalaky-nanafika-tokantrano-olona-iray-voanny-bala/
397;http://www.midi-madagasikara.mg/faits-divers/2015/05/12/anosibe-mpanendaka-telo-lahy-voasambotra/
398;http://www.midi-madagasikara.mg/faits-divers/2015/05/15/ambohimasina-betafo-tafatsoaka-ny-jiolahy-polisy-sy-ny-zandary-indray-no-nifampitifitra/
399;http://www.midi-madagasikara.mg/faits-divers/2015/05/18/ivato-fivelesana-olona-aminny-bois-rond-lehilahy-iray-voasambotra/
400;http://www.midi-madagasikara.mg/faits-divers/2015/05/23/antsirabe-mirongatra-ny-asan-jiolahy-olona-iray-votsindrona-antsy/
401;http://www.midi-madagasikara.mg/faits-divers/2015/05/26/faradofay-karana-maty-voatifitra-tao-an-tranony/
402;http://www.midi-madagasikara.mg/faits-divers/2015/05/26/fetinny-pentekoty-efatra-no-maty-manodidina-ny-200-notsaboina/
403;http://www.midi-madagasikara.mg/faits-divers/2015/05/26/manjakandriana-boeing-nivadika-roa-maty-15-naratra/
404;http://www.midi-madagasikara.mg/faits-divers/2015/05/29/sambava-voasambotra-tany-fenerive-est-ny-jiolahy-fahatelo-namono-karana/
405;http://www.midi-madagasikara.mg/faits-divers/2015/05/30/soavinandriana-jiolahy-efatra-nanolana-ankizivavy-17-taona/
406;http://www.midi-madagasikara.mg/faits-divers/2015/06/01/toliara-mpiasanny-banky-voatafika-lasanny-jiolahy-ny-entana-rehetra-tao-an-trano/
407;http://www.midi-madagasikara.mg/faits-divers/2015/06/04/toliara-vehivavy-45-taona-voaolana-sady-voavono/
408;http://www.midi-madagasikara.mg/faits-divers/2015/06/06/anosy-lehilahy-iray-maty-nodoninny-fiara/
409;http://www.midi-madagasikara.mg/faits-divers/2015/06/06/maintirano-tomponomby-naratra-mafy-notetitetehinny-dahalo-taminny-famaky/
410;http://www.midi-madagasikara.mg/faits-divers/2015/06/08/morondava-botry-rendrika-tao-aminny-vavaranonny-betania-18-no-maty/
411;http://www.midi-madagasikara.mg/faits-divers/2015/06/09/ilakaka-jiolahy-manao-saron-tava-mena-mampihorohoro/
412;http://www.midi-madagasikara.mg/faits-divers/2015/06/13/tsiazotafo-lehilahy-iray-maty-tao-anaty-hotely/
413;http://www.midi-madagasikara.mg/faits-divers/2015/06/20/ankorondrano-mpisoloky-roa-voasambotra-teratany-vahiny-ny-iray-80-tapitrisa-ariary-no-lasa/
414;http://www.midi-madagasikara.mg/faits-divers/2015/06/24/manandona-antsirabe-tovolahy-iray-maty-nitsoraka-tao-ambany-fiara-nandeha/
415;http://www.midi-madagasikara.mg/faits-divers/2015/07/04/boulevard-de-leurope-mpanendaka-raindahiny-noraisim-potsiny-tao-an-tranony/
416;http://www.midi-madagasikara.mg/faits-divers/2015/07/16/tsaratanana-raikitra-ny-hazalambo-taorianny-famonoana-polisy/
417;http://www.midi-madagasikara.mg/faits-divers/2015/07/18/diego-nisy-polisy-maty-koa/
418;http://www.midi-madagasikara.mg/faits-divers/2015/07/18/diego-nisy-polisy-maty-koa/#respond
419;http://www.midi-madagasikara.mg/faits-divers/2015/07/18/ifanadiana-zandary-iray-maty-voatifitry-ny-dahalo/
420;http://www.midi-madagasikara.mg/faits-divers/2015/07/18/ifanadiana-zandary-iray-maty-voatifitry-ny-dahalo/#respond
421;http://www.midi-madagasikara.mg/faits-divers/2015/07/20/miarinarivo-patron-na-omby-maty-voatifitry-ny-jiolahy/
422;http://www.midi-madagasikara.mg/faits-divers/2015/07/20/miarinarivo-patron-na-omby-maty-voatifitry-ny-jiolahy/#respond
423;http://www.midi-madagasikara.mg/faits-divers/2015/07/22/ambatondrazaka-mirongatra-ny-asan-jiolahy-trano-telo-voatafika/
424;http://www.midi-madagasikara.mg/faits-divers/2015/07/22/ambatondrazaka-mirongatra-ny-asan-jiolahy-trano-telo-voatafika/#respond
425;http://www.midi-madagasikara.mg/faits-divers/2015/07/23/ankazoabo-atsimo-dahalo-roa-maty-voatifitra-omby-50-lasanny-malaso/
426;http://www.midi-madagasikara.mg/faits-divers/2015/07/23/ankazoabo-atsimo-dahalo-roa-maty-voatifitra-omby-50-lasanny-malaso/#respond
427;http://www.midi-madagasikara.mg/faits-divers/2015/07/23/by-pass-4x4-nandona-taxi-brousse-iray-maty-am-polony-naratra/
428;http://www.midi-madagasikara.mg/faits-divers/2015/07/23/by-pass-4x4-nandona-taxi-brousse-iray-maty-am-polony-naratra/#respond
429;http://www.midi-madagasikara.mg/faits-divers/2015/07/29/ambohidratrimo-mpamaky-vato-maty-nipoahanny-vanja/
430;http://www.midi-madagasikara.mg/faits-divers/2015/07/29/ambohidratrimo-mpamaky-vato-maty-nipoahanny-vanja/#respond
431;http://www.midi-madagasikara.mg/faits-divers/2015/07/29/ifanadiana-benny-tanana-sy-ny-zanany-roalahy-voasambotra/
432;http://www.midi-madagasikara.mg/faits-divers/2015/07/29/ifanadiana-benny-tanana-sy-ny-zanany-roalahy-voasambotra/#comments
433;http://www.midi-madagasikara.mg/faits-divers/2015/07/29/sambava-ankizy-vavy-15-taona-maty-notontana-vato-teo-aminny-lohany/
434;http://www.midi-madagasikara.mg/faits-divers/2015/07/29/sambava-ankizy-vavy-15-taona-maty-notontana-vato-teo-aminny-lohany/#respond
435;http://www.midi-madagasikara.mg/faits-divers/2015/07/30/midongy-atsimo-lehilahy-iray-maty-voatifitra-voaroba-ny-volabe-ar-1-400-000/
436;http://www.midi-madagasikara.mg/faits-divers/2015/07/30/midongy-atsimo-lehilahy-iray-maty-voatifitra-voaroba-ny-volabe-ar-1-400-000/#respond
437;http://www.midi-madagasikara.mg/faits-divers/2015/07/30/smart-tanjombato-nitsoaka-ireo-jiolahy-mitam-piadiana/
438;http://www.midi-madagasikara.mg/faits-divers/2015/07/30/smart-tanjombato-nitsoaka-ireo-jiolahy-mitam-piadiana/#respond
439;http://www.midi-madagasikara.mg/faits-divers/2015/08/03/mahajanga-taxi-brousse-nifandona-olona-iray-maty-marobe-ireo-naratra/
440;http://www.midi-madagasikara.mg/faits-divers/2015/08/03/mahajanga-taxi-brousse-nifandona-olona-iray-maty-marobe-ireo-naratra/#respond
441;http://www.midi-madagasikara.mg/faits-divers/2015/08/06/tovovavy-maty-novonoina-kivy-ny-fianakaviana-fa-tsy-mandroso-ny-fanadihadiana/
442;http://www.midi-madagasikara.mg/faits-divers/2015/08/06/tovovavy-maty-novonoina-kivy-ny-fianakaviana-fa-tsy-mandroso-ny-fanadihadiana/#respond
443;http://www.midi-madagasikara.mg/faits-divers/2015/08/08/fanafihana-mitam-piadiana-jiolahy-rain-dahiny-12-voasambotry-ny-polisy/
444;http://www.midi-madagasikara.mg/faits-divers/2015/08/08/fanafihana-mitam-piadiana-jiolahy-rain-dahiny-12-voasambotry-ny-polisy/#respond
445;http://www.midi-madagasikara.mg/faits-divers/2015/08/14/imeritsiatosika-andian-jiolahy-hanafika-ravanny-zandary/
446;http://www.midi-madagasikara.mg/faits-divers/2015/08/14/imeritsiatosika-andian-jiolahy-hanafika-ravanny-zandary/#respond
447;http://www.midi-madagasikara.mg/faits-divers/2015/08/17/ankorondrano-fiara-4x4-nivadika-ambony-ambany-maty-ny-mpamily-zandary-roa-maratra/
448;http://www.midi-madagasikara.mg/faits-divers/2015/08/17/ankorondrano-fiara-4x4-nivadika-ambony-ambany-maty-ny-mpamily-zandary-roa-maratra/#comments
449;http://www.midi-madagasikara.mg/faits-divers/2015/08/19/ambohijanaka-lehilahy-tsy-hita-telo-andro-maty-tao-anaty-rano/
450;http://www.midi-madagasikara.mg/faits-divers/2015/08/19/ambohijanaka-lehilahy-tsy-hita-telo-andro-maty-tao-anaty-rano/#respond
451;http://www.midi-madagasikara.mg/faits-divers/2015/08/19/fianarantsoa-dahalo-matinny-fitsaram-bahoaka-nohaninny-alika-ny-fatiny/
452;http://www.midi-madagasikara.mg/faits-divers/2015/08/19/fianarantsoa-dahalo-matinny-fitsaram-bahoaka-nohaninny-alika-ny-fatiny/#respond
453;http://www.midi-madagasikara.mg/faits-divers/2015/08/20/ilakaka-mpividy-safira-voatafika-lasa-ny-vola-7-tapitrisa-ariary/
454;http://www.midi-madagasikara.mg/faits-divers/2015/08/20/ilakaka-mpividy-safira-voatafika-lasa-ny-vola-7-tapitrisa-ariary/#respond
455;http://www.midi-madagasikara.mg/faits-divers/2015/08/21/antanifotsy-rangahy-iray-maty-may-kila-tao-an-tranony/
456;http://www.midi-madagasikara.mg/faits-divers/2015/08/21/antanifotsy-rangahy-iray-maty-may-kila-tao-an-tranony/#respond
457;http://www.midi-madagasikara.mg/faits-divers/2015/08/24/midongy-atsimo-mpamatsy-basy-dahalo-voasambotra-niaraka-taminny-fanamiana-miaramila/
458;http://www.midi-madagasikara.mg/faits-divers/2015/08/24/midongy-atsimo-mpamatsy-basy-dahalo-voasambotra-niaraka-taminny-fanamiana-miaramila/#comments
459;http://www.midi-madagasikara.mg/faits-divers/2015/08/27/mananjary-mpandraharaha-voatafika-very-volabe/
460;http://www.midi-madagasikara.mg/faits-divers/2015/08/27/mananjary-mpandraharaha-voatafika-very-volabe/#respond
461;http://www.midi-madagasikara.mg/faits-divers/2015/08/28/alarobia-mpandeha-an-tongotra-maty-nodoninny-fiara/
462;http://www.midi-madagasikara.mg/faits-divers/2015/08/28/alarobia-mpandeha-an-tongotra-maty-nodoninny-fiara/#respond
463;http://www.midi-madagasikara.mg/faits-divers/2015/09/01/toliara-mpandraharaha-maty-voakapa-famaky-lasa-ny-vola-iray-baoritra/
464;http://www.midi-madagasikara.mg/faits-divers/2015/09/01/toliara-mpandraharaha-maty-voakapa-famaky-lasa-ny-vola-iray-baoritra/#comments
465;http://www.midi-madagasikara.mg/faits-divers/2015/09/02/jeneraly-florens-rakotomahanina-fomba-nentina-tsy-hampihetsika-izay-voasambotra-ireny-nataonny-mpitandro-filaminana-ireny/
466;http://www.midi-madagasikara.mg/faits-divers/2015/09/02/jeneraly-florens-rakotomahanina-fomba-nentina-tsy-hampihetsika-izay-voasambotra-ireny-nataonny-mpitandro-filaminana-ireny/#comments
467;http://www.midi-madagasikara.mg/faits-divers/2015/09/08/antsirabe-vinanto-nahandro-be-menaka-maty-kilanny-petrole/
468;http://www.midi-madagasikara.mg/faits-divers/2015/09/08/antsirabe-vinanto-nahandro-be-menaka-maty-kilanny-petrole/#respond
469;http://www.midi-madagasikara.mg/faits-divers/2015/09/11/sambava-zaza-voaolana-nanjavona-ny-taratasim-pitsarana/
470;http://www.midi-madagasikara.mg/faits-divers/2015/09/11/sambava-zaza-voaolana-nanjavona-ny-taratasim-pitsarana/#respond
471;http://www.midi-madagasikara.mg/faits-divers/2015/09/12/imerintsiatosika-dahalo-sivy-azo-sambo-belona-basy-vita-gasy-iray-sarona/
472;http://www.midi-madagasikara.mg/faits-divers/2015/09/12/imerintsiatosika-dahalo-sivy-azo-sambo-belona-basy-vita-gasy-iray-sarona/#respond
473;http://www.midi-madagasikara.mg/faits-divers/2015/09/15/toliara-mpiasa-an-trano-voaolana-nokaikeriny-ny-filahianilay-lehilahy/
474;http://www.midi-madagasikara.mg/faits-divers/2015/09/15/toliara-mpiasa-an-trano-voaolana-nokaikeriny-ny-filahianilay-lehilahy/#comments
475;http://www.midi-madagasikara.mg/faits-divers/2015/09/18/ambatondrazaka-fanafihan-jiolahy-lehilahy-iray-maty-voatifitra/
476;http://www.midi-madagasikara.mg/faits-divers/2015/09/18/ambatondrazaka-fanafihan-jiolahy-lehilahy-iray-maty-voatifitra/#respond
477;http://www.midi-madagasikara.mg/faits-divers/2015/09/18/itaosy-maty-novonoinny-polisy-ilay-nitifitra-ny-namany-tetsy-anosibe/
478;http://www.midi-madagasikara.mg/faits-divers/2015/09/18/itaosy-maty-novonoinny-polisy-ilay-nitifitra-ny-namany-tetsy-anosibe/#comments
479;http://www.midi-madagasikara.mg/faits-divers/2015/09/21/fitifirana-polisy-olona-sivy-no-efa-voasambotra/
480;http://www.midi-madagasikara.mg/faits-divers/2015/09/21/fitifirana-polisy-olona-sivy-no-efa-voasambotra/#respond
481;http://www.midi-madagasikara.mg/faits-divers/2015/09/25/miandrivazo-fanafihan-dahalo-olona-sivy-namoy-ny-ainy/
482;http://www.midi-madagasikara.mg/faits-divers/2015/09/25/miandrivazo-fanafihan-dahalo-olona-sivy-namoy-ny-ainy/#respond
483;http://www.midi-madagasikara.mg/faits-divers/2015/09/29/67ha-mpivarotra-maty-voatifitry-ny-jiolahy/
484;http://www.midi-madagasikara.mg/faits-divers/2015/09/29/67ha-mpivarotra-maty-voatifitry-ny-jiolahy/#respond
485;http://www.midi-madagasikara.mg/faits-divers/2015/10/02/itaosy-mpamaky-trano-dimy-nandroba-20-tapitrisa-voasambotra/
486;http://www.midi-madagasikara.mg/faits-divers/2015/10/02/itaosy-mpamaky-trano-dimy-nandroba-20-tapitrisa-voasambotra/#respond
487;http://www.midi-madagasikara.mg/faits-divers/2015/10/05/anosizato-toeram-pivarotana-telo-notetezinny-jiolahy-nitazona-kalachnikov/
488;http://www.midi-madagasikara.mg/faits-divers/2015/10/05/anosizato-toeram-pivarotana-telo-notetezinny-jiolahy-nitazona-kalachnikov/#comments
489;http://www.midi-madagasikara.mg/faits-divers/2015/10/09/moramanga-lehilahy-maty-notsindrominny-zaodahiny-antsy/
490;http://www.midi-madagasikara.mg/faits-divers/2015/10/09/moramanga-lehilahy-maty-notsindrominny-zaodahiny-antsy/#respond
491;http://www.midi-madagasikara.mg/faits-divers/2015/10/12/befotaka-dahalo-an-jatony-nanafika-ny-tobinny-zandrary/
492;http://www.midi-madagasikara.mg/faits-divers/2015/10/12/befotaka-dahalo-an-jatony-nanafika-ny-tobinny-zandrary/#comments
493;http://www.midi-madagasikara.mg/faits-divers/2015/10/14/toliara-basy-maherivaika-dimy-tratra-olona-fito-voasambotra/
494;http://www.midi-madagasikara.mg/faits-divers/2015/10/14/toliara-basy-maherivaika-dimy-tratra-olona-fito-voasambotra/#respond
495;http://www.midi-madagasikara.mg/faits-divers/2015/10/15/ambohimanambola-sokatra-305-sarona-olona-efatra-voasambotra-teratany-vahiny-ny-iray/
496;http://www.midi-madagasikara.mg/faits-divers/2015/10/15/ambohimanambola-sokatra-305-sarona-olona-efatra-voasambotra-teratany-vahiny-ny-iray/#respond
497;http://www.midi-madagasikara.mg/faits-divers/2015/10/20/toamasina-jiolahy-sady-namaky-trano-no-nanolana/
498;http://www.midi-madagasikara.mg/faits-divers/2015/10/20/toamasina-jiolahy-sady-namaky-trano-no-nanolana/#respond
499;http://www.midi-madagasikara.mg/faits-divers/2015/10/20/toamasina-olona-roa-maty-voatifitry-ny-polisy/
500;http://www.midi-madagasikara.mg/faits-divers/2015/10/20/toamasina-olona-roa-maty-voatifitry-ny-polisy/#respond
501;http://www.midi-madagasikara.mg/faits-divers/2015/10/21/ambodivona-lehilahy-maty-voatifitra-sy-voaendaka/
502;http://www.midi-madagasikara.mg/faits-divers/2015/10/21/ambodivona-lehilahy-maty-voatifitra-sy-voaendaka/#respond
503;http://www.midi-madagasikara.mg/faits-divers/2015/10/22/tambajotra-mpangalatra-sprinter-eny-tsiafahy-i-leratsy-sy-ledoda-jiolahy-efa-ela-nokarohina/
504;http://www.midi-madagasikara.mg/faits-divers/2015/10/22/tambajotra-mpangalatra-sprinter-eny-tsiafahy-i-leratsy-sy-ledoda-jiolahy-efa-ela-nokarohina/#respond
505;http://www.midi-madagasikara.mg/faits-divers/2015/10/26/raharaha-befotaka-basy-roa-tafaverina-dahalo-7-voasambotra/
506;http://www.midi-madagasikara.mg/faits-divers/2015/10/26/raharaha-befotaka-basy-roa-tafaverina-dahalo-7-voasambotra/#respond
507;http://www.midi-madagasikara.mg/faits-divers/2015/10/28/isotry-voasambotra-indray-i-mogli-sy-ny-namany-roa/
508;http://www.midi-madagasikara.mg/faits-divers/2015/10/28/isotry-voasambotra-indray-i-mogli-sy-ny-namany-roa/#respond
509;http://www.midi-madagasikara.mg/faits-divers/2015/10/29/ankizy-vavy-voaolana-hisafidy-hanao-masera-ny-zanako-voaolana-io-hoy-ny-reniny/
510;http://www.midi-madagasikara.mg/faits-divers/2015/10/29/ankizy-vavy-voaolana-hisafidy-hanao-masera-ny-zanako-voaolana-io-hoy-ny-reniny/#comments
511;http://www.midi-madagasikara.mg/faits-divers/2015/10/30/ihazolava-razana-sivy-lasanny-jiolahy/
512;http://www.midi-madagasikara.mg/faits-divers/2015/10/30/ihazolava-razana-sivy-lasanny-jiolahy/#respond
513;http://www.midi-madagasikara.mg/faits-divers/2015/11/03/toliara-benny-tanana-voaroba-lasanny-jiolahy-ny-vola-rehetra/
514;http://www.midi-madagasikara.mg/faits-divers/2015/11/03/toliara-benny-tanana-voaroba-lasanny-jiolahy-ny-vola-rehetra/#respond
515;http://www.midi-madagasikara.mg/faits-divers/2015/11/06/mahajanga-jiolahy-tratra-niaraka-taminny-basy-sy-bokinomby-marobe/
516;http://www.midi-madagasikara.mg/faits-divers/2015/11/06/mahajanga-jiolahy-tratra-niaraka-taminny-basy-sy-bokinomby-marobe/#comments
517;http://www.midi-madagasikara.mg/faits-divers/2015/11/09/anosizato-orinasa-voatafika-jiolahy-roa-maty-voatifitra-mpiasa-tao-ny-iray/
518;http://www.midi-madagasikara.mg/faits-divers/2015/11/09/anosizato-orinasa-voatafika-jiolahy-roa-maty-voatifitra-mpiasa-tao-ny-iray/#respond
519;http://www.midi-madagasikara.mg/faits-divers/2015/11/10/ivato-notifirinny-jiolahy-ny-tompon-trano/
520;http://www.midi-madagasikara.mg/faits-divers/2015/11/10/ivato-notifirinny-jiolahy-ny-tompon-trano/#comments
521;http://www.midi-madagasikara.mg/faits-divers/2015/11/11/antanandrano-fivarotana-telo-norobainny-jiolahy-olona-iray-voatifitra/
522;http://www.midi-madagasikara.mg/faits-divers/2015/11/11/antanandrano-fivarotana-telo-norobainny-jiolahy-olona-iray-voatifitra/#respond
523;http://www.midi-madagasikara.mg/faits-divers/2015/11/11/vedety-rendrika-tao-katsepy-mpiasanny-fahasalamana-ny-telo-maty-taminireo-dimy-namoy-ny-ainy/
524;http://www.midi-madagasikara.mg/faits-divers/2015/11/11/vedety-rendrika-tao-katsepy-mpiasanny-fahasalamana-ny-telo-maty-taminireo-dimy-namoy-ny-ainy/#respond
525;http://www.midi-madagasikara.mg/faits-divers/2015/11/16/talatamaty-fanafihan-jiolahy-olona-iray-maty-voatifitra/
526;http://www.midi-madagasikara.mg/faits-divers/2015/11/16/talatamaty-fanafihan-jiolahy-olona-iray-maty-voatifitra/#respond
527;http://www.midi-madagasikara.mg/faits-divers/2015/11/20/ambohinambo-talatamaty-mpiasa-an-trano-nangalatra-28-tapitrisa-dia-nalevina-tany-an-tanimboly/
528;http://www.midi-madagasikara.mg/faits-divers/2015/11/20/ambohinambo-talatamaty-mpiasa-an-trano-nangalatra-28-tapitrisa-dia-nalevina-tany-an-tanimboly/#respond
529;http://www.midi-madagasikara.mg/faits-divers/2015/11/26/toamasina-mpanendaka-niharanny-fitsaram-bahoaka/
530;http://www.midi-madagasikara.mg/faits-divers/2015/11/26/toamasina-mpanendaka-niharanny-fitsaram-bahoaka/#respond
531;http://www.midi-madagasikara.mg/faits-divers/2015/11/27/itaosy-violence-conjugale-le-mari-violent-en-prison/
532;http://www.midi-madagasikara.mg/faits-divers/2015/11/27/itaosy-violence-conjugale-le-mari-violent-en-prison/#comments
533;http://www.midi-madagasikara.mg/faits-divers/2015/11/28/imerintsiatosika-tovolahy-maty-tsy-tra-drano-maty-voadonny-fiara/
534;http://www.midi-madagasikara.mg/faits-divers/2015/11/28/imerintsiatosika-tovolahy-maty-tsy-tra-drano-maty-voadonny-fiara/#respond
535;http://www.midi-madagasikara.mg/faits-divers/2015/12/02/ambatobe-tovolahy-nisarahanny-sipany-maty-namono-tena/
536;http://www.midi-madagasikara.mg/faits-divers/2015/12/02/ambatobe-tovolahy-nisarahanny-sipany-maty-namono-tena/#comments
537;http://www.midi-madagasikara.mg/faits-divers/2015/12/03/akanin-jaza-ao-antsirabe-vavikely-valo-taona-maty-nodarohana/
538;http://www.midi-madagasikara.mg/faits-divers/2015/12/03/akanin-jaza-ao-antsirabe-vavikely-valo-taona-maty-nodarohana/#respond
539;http://www.midi-madagasikara.mg/faits-divers/2015/12/03/ambatondrazaka-ankizy-vavy-roa-nilatsahanny-varatra-maty-ny-iray/
540;http://www.midi-madagasikara.mg/faits-divers/2015/12/03/ambatondrazaka-ankizy-vavy-roa-nilatsahanny-varatra-maty-ny-iray/#respond
541;http://www.midi-madagasikara.mg/faits-divers/2015/12/05/etazonia-zaza-very-lasa-diplomaty/
542;http://www.midi-madagasikara.mg/faits-divers/2015/12/05/etazonia-zaza-very-lasa-diplomaty/#respond
543;http://www.midi-madagasikara.mg/faits-divers/2015/12/08/ampasampito-mpivarotra-bar-notafihana-andian-jiolahy-mitam-basy/
544;http://www.midi-madagasikara.mg/faits-divers/2015/12/08/ampasampito-mpivarotra-bar-notafihana-andian-jiolahy-mitam-basy/#respond
545;http://www.midi-madagasikara.mg/faits-divers/2015/12/09/ambodimita-farmasianina-maty-nodarohanny-jiolahy/
546;http://www.midi-madagasikara.mg/faits-divers/2015/12/09/ambodimita-farmasianina-maty-nodarohanny-jiolahy/#respond
547;http://www.midi-madagasikara.mg/faits-divers/2015/12/09/ivato-fisolokiana-vazaha-manambaka-vazaha-olona-roa-voasambotra/
548;http://www.midi-madagasikara.mg/faits-divers/2015/12/09/ivato-fisolokiana-vazaha-manambaka-vazaha-olona-roa-voasambotra/#respond
549;http://www.midi-madagasikara.mg/faits-divers/2015/12/16/fahamaizana-teny-behoririka-naharitra-16-ora-vao-maty-ny-afo-tsy-nisy-aina-nafoy/
550;http://www.midi-madagasikara.mg/faits-divers/2015/12/16/fahamaizana-teny-behoririka-naharitra-16-ora-vao-maty-ny-afo-tsy-nisy-aina-nafoy/#respond
551;http://www.midi-madagasikara.mg/faits-divers/2015/12/17/ambatondrazaka-nirefodrefotra-ny-basy-jiolahy-roa-voasambotra/
552;http://www.midi-madagasikara.mg/faits-divers/2015/12/17/ambatondrazaka-nirefodrefotra-ny-basy-jiolahy-roa-voasambotra/#respond
553;http://www.midi-madagasikara.mg/faits-divers/2015/12/18/masindray-vol-dun-taxi-be-suivi-des-meurtres-du-chauffeur-et-de-son-aide/
554;http://www.midi-madagasikara.mg/faits-divers/2015/12/18/masindray-vol-dun-taxi-be-suivi-des-meurtres-du-chauffeur-et-de-son-aide/#respond
555;http://www.midi-madagasikara.mg/faits-divers/2015/12/19/ambohimanarina-voasambotry-ny-polisy-i-remenabila-mpanendaka/
556;http://www.midi-madagasikara.mg/faits-divers/2015/12/19/ambohimanarina-voasambotry-ny-polisy-i-remenabila-mpanendaka/#respond
557;http://www.midi-madagasikara.mg/faits-divers/2015/12/21/mamory-ivato-dimy-lahy-nanafika-cyber-maty-voatifitra-ny-mpiambina/
558;http://www.midi-madagasikara.mg/faits-divers/2015/12/21/mamory-ivato-dimy-lahy-nanafika-cyber-maty-voatifitra-ny-mpiambina/#comments
559;http://www.midi-madagasikara.mg/faits-divers/2015/12/22/besarety-nodoranny-jiolahy-rehefa-tsy-vaky-ilay-tranombarotra/
560;http://www.midi-madagasikara.mg/faits-divers/2015/12/22/besarety-nodoranny-jiolahy-rehefa-tsy-vaky-ilay-tranombarotra/#comments
561;http://www.midi-madagasikara.mg/faits-divers/2015/12/26/toamasina-taksibrosy-iray-nivadika-ankizivavy-13-taona-maty/
562;http://www.midi-madagasikara.mg/faits-divers/2015/12/26/toamasina-taksibrosy-iray-nivadika-ankizivavy-13-taona-maty/#respond
563;http://www.midi-madagasikara.mg/faits-divers/2015/12/28/ambatolampy-jiolahy-rain-dahiny-11-saronny-zandary/
564;http://www.midi-madagasikara.mg/faits-divers/2015/12/28/ambatolampy-jiolahy-rain-dahiny-11-saronny-zandary/#respond
565;http://www.midi-madagasikara.mg/faits-divers/2015/12/29/andohoranofotsy-asan-jiolahy-lehilahy-roa-eny-tsiafahy-vehivavy-iray-eny-antanimora/
566;http://www.midi-madagasikara.mg/faits-divers/2015/12/29/andohoranofotsy-asan-jiolahy-lehilahy-roa-eny-tsiafahy-vehivavy-iray-eny-antanimora/#respond
567;http://www.midi-madagasikara.mg/faits-divers/2016/09/30/tsiroanomandidy-biraonny-kaominina-sy-zandary-voatafika-very-ny-basy-kalach-iray/
568;http://www.midi-madagasikara.mg/faits-divers/2016/09/30/tsiroanomandidy-biraonny-kaominina-sy-zandary-voatafika-very-ny-basy-kalach-iray/#respond
569;http://www.midi-madagasikara.mg/faits-divers/2016/10/03/bazary-be-toamasina-notafihanireo-andian-jiolahy-mpitaingina-sccoter-ny-tranom-barotra-su-lone/
570;http://www.midi-madagasikara.mg/faits-divers/2016/10/03/bazary-be-toamasina-notafihanireo-andian-jiolahy-mpitaingina-sccoter-ny-tranom-barotra-su-lone/#comments
571;http://www.midi-madagasikara.mg/faits-divers/2016/10/05/itaosy-ramatoa-maty-voafaokanny-scooter-nitsoaka-ilay-nandona/
572;http://www.midi-madagasikara.mg/faits-divers/2016/10/05/itaosy-ramatoa-maty-voafaokanny-scooter-nitsoaka-ilay-nandona/#respond
573;http://www.midi-madagasikara.mg/faits-divers/2016/10/08/visite-technique-mpanao-hosoka-voasambotra/
574;http://www.midi-madagasikara.mg/faits-divers/2016/10/08/visite-technique-mpanao-hosoka-voasambotra/#respond
575;http://www.midi-madagasikara.mg/faits-divers/2016/10/10/alatsinainy-bakaro-jiolahy-dimy-avy-nanafika-tra-tehaky-ny-zandary/
576;http://www.midi-madagasikara.mg/faits-divers/2016/10/10/alatsinainy-bakaro-jiolahy-dimy-avy-nanafika-tra-tehaky-ny-zandary/#respond
577;http://www.midi-madagasikara.mg/faits-divers/2016/10/10/ankazomborona-marovoay-raikitra-ny-fitsaram-bahoaka-olona-iray-maty-vaky-ny-biraonny-zandary/
578;http://www.midi-madagasikara.mg/faits-divers/2016/10/10/ankazomborona-marovoay-raikitra-ny-fitsaram-bahoaka-olona-iray-maty-vaky-ny-biraonny-zandary/#respond
579;http://www.midi-madagasikara.mg/faits-divers/2016/10/10/sainte-marie-vazaha-aotrisiana-maty-nokaikerinny-alikany/
580;http://www.midi-madagasikara.mg/faits-divers/2016/10/10/sainte-marie-vazaha-aotrisiana-maty-nokaikerinny-alikany/#respond
581;http://www.midi-madagasikara.mg/faits-divers/2016/10/11/isotry-anosibe-mpanendaka-17-rain-dahiny-voasambotry-ny-polisy/
582;http://www.midi-madagasikara.mg/faits-divers/2016/10/11/isotry-anosibe-mpanendaka-17-rain-dahiny-voasambotry-ny-polisy/#comments
583;http://www.midi-madagasikara.mg/faits-divers/2016/10/11/rn7-taxi-brousse-notafihanny-jiolahy-lasa-ny-vola-iray-tapitrisa-mahery-naratra-ny-mpamily/
584;http://www.midi-madagasikara.mg/faits-divers/2016/10/11/rn7-taxi-brousse-notafihanny-jiolahy-lasa-ny-vola-iray-tapitrisa-mahery-naratra-ny-mpamily/#respond
585;http://www.midi-madagasikara.mg/faits-divers/2016/10/12/ankazondandy-tokantrano-voatafika-olona-iray-voatifitra/
586;http://www.midi-madagasikara.mg/faits-divers/2016/10/12/ankazondandy-tokantrano-voatafika-olona-iray-voatifitra/#respond
587;http://www.midi-madagasikara.mg/faits-divers/2016/10/12/soamahamanina-jiolahy-nirongo-kalach-nanafika-hotely/
588;http://www.midi-madagasikara.mg/faits-divers/2016/10/12/soamahamanina-jiolahy-nirongo-kalach-nanafika-hotely/#respond
589;http://www.midi-madagasikara.mg/faits-divers/2016/10/13/toamasina-ii-lefitry-ny-benny-tanana-voatafika-naratra-voatifitra/
590;http://www.midi-madagasikara.mg/faits-divers/2016/10/13/toamasina-ii-lefitry-ny-benny-tanana-voatafika-naratra-voatifitra/#respond
591;http://www.midi-madagasikara.mg/faits-divers/2016/10/19/ambilobe-quatre-hommes-arretes-meurtre-dune-enseignante/
592;http://www.midi-madagasikara.mg/faits-divers/2016/10/19/ambilobe-quatre-hommes-arretes-meurtre-dune-enseignante/#respond
593;http://www.midi-madagasikara.mg/faits-divers/2016/10/19/itaosy-lehilahy-nodominny-fiara-maty-tsy-tradrano-fisaka-ny-lohany/
594;http://www.midi-madagasikara.mg/faits-divers/2016/10/20/ambohidrapeto-mpandrafitra-voatafika-lasa-ny-vola-an-tapitrasany-saika-hanaovana-varavaram-piangonana/
595;http://www.midi-madagasikara.mg/faits-divers/2016/10/20/ambohidrapeto-mpandrafitra-voatafika-lasa-ny-vola-an-tapitrasany-saika-hanaovana-varavaram-piangonana/#respond
596;http://www.midi-madagasikara.mg/faits-divers/2016/10/20/ankorondrano-maty-ilay-ramatoa-nianjeranny-tamboho-vokatry-ny-rotsakorana/
597;http://www.midi-madagasikara.mg/faits-divers/2016/10/20/ankorondrano-maty-ilay-ramatoa-nianjeranny-tamboho-vokatry-ny-rotsakorana/#respond
598;http://www.midi-madagasikara.mg/faits-divers/2016/10/20/mananara-avaratra-mpandraharaha-voatafika-lasa-ny-vola-40-tapitrisa-ariary/
599;http://www.midi-madagasikara.mg/faits-divers/2016/10/20/mananara-avaratra-mpandraharaha-voatafika-lasa-ny-vola-40-tapitrisa-ariary/#comments
600;http://www.midi-madagasikara.mg/faits-divers/2016/10/21/ankorondrano-rongony-tapa-gony-saronny-polisy-olona-2-voasambotra/
601;http://www.midi-madagasikara.mg/faits-divers/2016/10/21/ankorondrano-rongony-tapa-gony-saronny-polisy-olona-2-voasambotra/#respond
602;http://www.midi-madagasikara.mg/faits-divers/2016/10/21/bemasoandro-lehilahy-mamo-maty-voahitsaky-ny-4x4/
603;http://www.midi-madagasikara.mg/faits-divers/2016/10/21/bemasoandro-lehilahy-mamo-maty-voahitsaky-ny-4x4/#respond
604;http://www.midi-madagasikara.mg/faits-divers/2016/10/21/ihosy-olona-telo-maty-voatifitry-ny-dahalo-valo-hafa-maratra-mafy/
605;http://www.midi-madagasikara.mg/faits-divers/2016/10/21/ihosy-olona-telo-maty-voatifitry-ny-dahalo-valo-hafa-maratra-mafy/#respond
606;http://www.midi-madagasikara.mg/faits-divers/2016/10/21/tsiadana-zazalahy-kely-2-maty-an-tatatra/
607;http://www.midi-madagasikara.mg/faits-divers/2016/10/21/tsiadana-zazalahy-kely-2-maty-an-tatatra/#respond
608;http://www.midi-madagasikara.mg/faits-divers/2016/10/22/67ha-mpanendaka-rain-dahiny-roa-voasambotry-ny-polisy/
609;http://www.midi-madagasikara.mg/faits-divers/2016/10/22/67ha-mpanendaka-rain-dahiny-roa-voasambotry-ny-polisy/#respond
610;http://www.midi-madagasikara.mg/faits-divers/2016/10/22/ambanidia-iray-maty-voatifitra-telo-azo-sambo-belona/
611;http://www.midi-madagasikara.mg/faits-divers/2016/10/22/ambanidia-iray-maty-voatifitra-telo-azo-sambo-belona/#respond
612;http://www.midi-madagasikara.mg/faits-divers/2016/10/22/mahambo-fihinanana-sokatra-misy-poizina-4-ny-maty-13-miady-aminny-fahafatesana/
613;http://www.midi-madagasikara.mg/faits-divers/2016/10/22/mahambo-fihinanana-sokatra-misy-poizina-4-ny-maty-13-miady-aminny-fahafatesana/#respond
614;http://www.midi-madagasikara.mg/faits-divers/2016/10/22/tsaratanana-dahalo-telo-maty-voatifitra-basy-kalach-roa-sarona/
615;http://www.midi-madagasikara.mg/faits-divers/2016/10/22/tsaratanana-dahalo-telo-maty-voatifitra-basy-kalach-roa-sarona/#respond
616;http://www.midi-madagasikara.mg/politique/2014/01/04/betroka-les-membres-du-bureau-de-vote-ont-poursuivi-les-dahalo/
617;http://www.midi-madagasikara.mg/politique/2014/03/17/tsimbazaza-violence-des-gp-sur-des-jeunes/
618;http://www.midi-madagasikara.mg/politique/2014/11/28/societe-civile-non-limpunite-des-dahalo/
619;http://www.midi-madagasikara.mg/politique/2015/02/13/ujmdh-violation-des-droits-de-lhomme-madagascar/
620;http://www.midi-madagasikara.mg/politique/2015/04/13/commune-de-talatamaty-delmotte-angeline-candidate/
621;http://www.midi-madagasikara.mg/politique/2015/07/29/herivonjy-rajaonah-carnaval-a-talatamaty-ce-jour/
622;http://www.midi-madagasikara.mg/politique/2015/07/29/herivonjy-rajaonah-carnaval-a-talatamaty-ce-jour/#comments
623;http://www.midi-madagasikara.mg/politique/2015/09/14/accrochage-avec-les-dahalo-a-betroka-le-capitaine-rafalihery-andriantiana-tue-hier/
624;http://www.midi-madagasikara.mg/politique/2015/09/14/accrochage-avec-les-dahalo-a-betroka-le-capitaine-rafalihery-andriantiana-tue-hier/#comments
625;http://www.midi-madagasikara.mg/politique/2015/09/23/originaires-du-sud-les-dahalo-a-col-blanc-denonces/
626;http://www.midi-madagasikara.mg/politique/2015/09/23/originaires-du-sud-les-dahalo-a-col-blanc-denonces/#comments
627;http://www.midi-madagasikara.mg/politique/2015/12/24/jean-ravelonarivo-nouvelle-strategie-pour-lutter-contre-les-dahalo/
628;http://www.midi-madagasikara.mg/politique/2015/12/24/jean-ravelonarivo-nouvelle-strategie-pour-lutter-contre-les-dahalo/#respond
629;http://www.midi-madagasikara.mg/politique/2016/10/21/ampasibe-manapatrana-habitants-condamnent-vague-de-violence/
630;http://www.midi-madagasikara.mg/politique/2016/10/21/ampasibe-manapatrana-habitants-condamnent-vague-de-violence/#respond
631;http://www.midi-madagasikara.mg/societe/2014/04/10/maltraitance-violence-sexuelle-enfants-cas-signales-toliara/
632;http://www.midi-madagasikara.mg/societe/2014/07/17/vontovorona-franchise-universitaire-violee-etudiants-tabasses/
633;http://www.midi-madagasikara.mg/societe/2014/08/16/escroquerie-bad-lafd-victimes-dusurpation/
634;http://www.midi-madagasikara.mg/societe/2014/08/30/nadine-ramaroson-meurtre-lie-affaires-bois-rose-selon-famille/
635;http://www.midi-madagasikara.mg/societe/2014/11/25/violences-legard-des-femmes-le-silence-la-premiere-barriere-lever/
636;http://www.midi-madagasikara.mg/vision/2015/08/10/violence-politique/
637;http://www.midi-madagasikara.mg/vision/2015/08/10/violence-politique/#comments
638;http://www.newsmada.com/2016/09/30/reflet-violence-a-legard-des-enfants-les-indicateurs-au-rouge-dans-latsinanana/
639;http://www.newsmada.com/2016/10/15/ampasimbe-tsy-nekenny-vahoaka-ny-benny-tanana-hvm-dimy-maty-nodoranny-olona-ny-fiangonana-rhema/
640;http://www.newsmada.com/2016/10/18/taksiborosy-nivarina-tao-ambany-tetezana-vehivavy-iray-maty-mpandeha-11-naratra-mafy/
641;http://www.newsmada.com/2016/10/19/insecurite-les-dahalo-qui-avaient-attaque-dernierement-la-commune-de-solila-district-dikalamavony-ont-brule-vif-les-6-occupants-dune-maison-dont-une-femme-enceinte/
642;http://www.newsmada.com/2016/10/20/ambonarabe-morafenobe-dahalo-roa-maty-voatifitry-ny-zandary-basy-iray-tratra/
643;http://www.newsmada.com/2016/10/20/imerimandroso-ambohidrapeto-nirefotra-ny-basy-zazavavy-iray-nataonny-jiolahy-takalonaina/
644;http://www.newsmada.com/2016/10/20/insecurite-dix-des-dahalo-qui-avaient-attaque-un-village-de-la-commune-dandonaka-ambalavao-tsienimparihy-ont-ete-tues-par-le-fokonolona-mardi-dernier/
645;http://www.newsmada.com/2016/10/20/insecurite-la-population-de-tsiroanomandidy-se-plaint-de-la-recrudescence-de-linsecurite-dans-la-localite-des-dahalo-attaquent-regulierement-selon-elle-les-villages-sans-pour-autant-etre-inquie/
646;http://www.newsmada.com/2016/10/20/mananara-avaratra-jiolahy-efatra-nandroba-vola-40-tapitrisa-ar/
647;http://www.newsmada.com/2016/10/21/alaotra-un-homme-de-48-ans-arrete-pour-viol/
648;http://www.newsmada.com/2016/10/21/ambalavao-dix-dahalo-abattus-par-le-fokonolona/
649;http://www.newsmada.com/2016/10/21/ankoatra-ireo-dimy-marary-mafy-ankizy-telo-maty-nihinana-soka-dranomasina/
650;http://www.newsmada.com/2016/10/21/sakoamadinika-tsaratanana-dahalo-roa-lavonny-zandary-kitoza-sy-moara-iray-sakaosy-tratra/
651;http://www.newsmada.com/2016/10/22/67-ha-tovolahy-manodidina-ny-18-taona-ireo-mpanendaka/
652;http://www.newsmada.com/2016/10/22/ambodihasina-tsaratanana-jiolahy-telo-lahy-voatifitry-basy-kalach-roa-azonny-zandary/
653;http://www.newsmada.com/2016/10/22/jiolahy-nandeha-scooter-saika-hanafika-teny-ambanidia-roa-voatifitry-ny-zandary-roa-hafa-azo-sambo-belona/
654;http://www.newsmada.com/wp-login.php?redirect_to=http%3A%2F%2Fwww.newsmada.com%2F2016%2F09%2F30%2Freflet-violence-a-legard-des-enfants-les-indicateurs-au-rouge-dans-latsinanana%2F
655;http://www.newsmada.com/wp-login.php?redirect_to=http%3A%2F%2Fwww.newsmada.com%2F2016%2F10%2F15%2Fampasimbe-tsy-nekenny-vahoaka-ny-benny-tanana-hvm-dimy-maty-nodoranny-olona-ny-fiangonana-rhema%2F
656;http://www.newsmada.com/wp-login.php?redirect_to=http%3A%2F%2Fwww.newsmada.com%2F2016%2F10%2F18%2Ftaksiborosy-nivarina-tao-ambany-tetezana-vehivavy-iray-maty-mpandeha-11-naratra-mafy%2F
657;http://www.newsmada.com/wp-login.php?redirect_to=http%3A%2F%2Fwww.newsmada.com%2F2016%2F10%2F19%2Finsecurite-les-dahalo-qui-avaient-attaque-dernierement-la-commune-de-solila-district-dikalamavony-ont-brule-vif-les-6-occupants-dune-maison-dont-une-femme-enceinte%2F
658;http://www.nocomment.mg/lettres-de-lemurie-nathacha-appanah-tropique-de-la-violence/
659;http://www.policenationale.gov.mg/wp-content/uploads/2012/06/formulation-des-plaintes.pdf
660;https://plus.google.com/share?url=http%3A%2F%2Fwww.midi-madagasikara.mg%2Fdossiers%2F2016%2F10%2F04%2Fcybercriminalite-cette-nouvelle-forme-deliquance-de-crime%2F
661;https://plus.google.com/share?url=http%3A%2F%2Fwww.midi-madagasikara.mg%2Ffaits-divers%2F2016%2F10%2F19%2Fambilobe-quatre-hommes-arretes-meurtre-dune-enseignante%2F
662;https://twitter.com/intent/tweet?text=Ambilobe+%3A+Quatre+hommes+arr%C3%AAt%C3%A9s+pour+le+meurtre+d%E2%80%99une+enseignante&url=http%3A%2F%2Fwww.midi-madagasikara.mg%2Ffaits-divers%2F2016%2F10%2F19%2Fambilobe-quatre-hommes-arretes-meurtre-dune-enseignante%2F
663;https://twitter.com/intent/tweet?text=La+cybercriminalit%C3%A9%2C+cette+nouvelle+forme+et+d%C3%A9liquance+et+de+crime&url=http%3A%2F%2Fwww.midi-madagasikara.mg%2Fdossiers%2F2016%2F10%2F04%2Fcybercriminalite-cette-nouvelle-forme-deliquance-de-crime%2F
664;https://web.facebook.com/l.php?u=http%3A%2F%2Fwww.lexpressmada.com%2Fblog%2Factualites%2Fihosy-la-foule-tue-onze-dahalo%2F&h=2AQHn4uYjAQEbTqMW71_AR45iDbUcab6pn2cckh4Ge2y14w&enc=AZNlc0BF0NpTTVhmJY9lvVwRBPjNHK01_-pVz2LSocHETd6Bqa-kSUTm-4cWx28In6e5hp82fEYEJUBuehS6lDvitrxzI1j_cu3PzlwIICskumrpCayzbVez5EHt281VUhQBLVl3ymkOTzlchwtrusnMlF8HJEQcY5mKwZbZ6FOGMaBZQVQfsACrEIKmrwXWVSx9qy0f9s87sJTLiKcpZuTD&s=1
665;https://web.facebook.com/l.php?u=http%3A%2F%2Fwww.lexpressmada.com%2Fblog%2Factualites%2Fihosy-la-foule-tue-onze-dahalo%2F&h=5AQGur2g_AQGNbE-a98Vzcb7qBkcuBnria5syyfWnoiWXvQ&enc=AZNyVUxy8ZaUtaJuhmkwG1AulFbCh5_2QI78CJP0vh0m4a-mScCiQw_cRCvrxbvXsI_RLNYVBdW2l7Y9E4QYB23D7FkPAnfMA4761smtMd1mCqAtbVS7KkGAo9cZKlzEOk30xZJnEr2RUCcjVdRbPCKGp0Bqm7P1V7O9kHSuOIigb6FRVMxesjMK0GkW8ZuR6DoFmBO6la18MHe9ud2L8syN&s=1
666;https://web.facebook.com/l.php?u=http%3A%2F%2Fwww.lexpressmada.com%2Fblog%2Factualites%2Fihosy-la-foule-tue-onze-dahalo%2F&h=DAQH5q39K&enc=AZMVLE1HA7dCCrs1mVmS4tCHh4xlrD9YQoR96un3wsG3ORNwipM_TUaL3ynaVoQv3TK82x7-gXlmeiYrK1tmHGqocRzSDaVv-oL_MdIJJbhTJZj1ybE50pdrWusdw1gNcwkCfuFt1127tX1RtIrh_z8vjIZg5XG5OJPpsJiaoT7aQDjpOeGUHOhFin7szJNqZyD3tIVZPUpyL6ViTY41nrWR&s=1
667;https://web.facebook.com/l.php?u=http%3A%2F%2Fwww.lexpressmada.com%2Fblog%2Factualites%2Fihosy-la-foule-tue-onze-dahalo%2F&h=LAQGGz_9V&enc=AZNOtWch2ZycELdsW8c42gBYxHGeUzg9XG8AYe7WaL_rLip3AdE_Xh6pHtycqrT6Yhnu6BS1lAnsJ3lbrV-Bq_xrNsahKywFqdNijzZYXv79pf55EuUzN1q2a_OB_avmYsAbzlPIM9ftHa457rQzfvz_tT6xD32wpazIjK14tM8LbSihxJb0VRStiba4r0cdHJoyqrElvNIuDeFPFWudtLxb&s=1
668;https://web.facebook.com/l.php?u=http%3A%2F%2Fwww.lexpressmada.com%2Fblog%2Factualites%2Fihosy-la-foule-tue-onze-dahalo%2F&h=NAQEYn_8D&enc=AZMUnN5dm7q1A4xrWimZIdVq4_7gknYm0Mqaxtw5Wzkjylxy2AFyJxReB75CJFx0Yba6ELOwFOPKG4CkcZrtY0aya3QxHNeDxcPiYmLJQFxC7RSGLlwY0vejl5nQdzLExqPTH6iA0_6ir8caSf5fUQDU8_IDaTeHqGNPvM-7F34thhA-_S3QiGfTCpE6AurItRXSopLxKqgA5j7_2nw0efh4&s=1
669;https://web.facebook.com/l.php?u=http%3A%2F%2Fwww.lexpressmada.com%2Fblog%2Factualites%2Fihosy-la-foule-tue-onze-dahalo%2F&h=iAQHpCWDr&enc=AZMsw072W6z-dfBN6sQ0KdfVaOO-YdnIC3vhgfhpb8B5G85R2cxrrF4AUdDvOSxn2vhESYnmJyTWDrXf60yo0vI9J6-GBm7rfLDf09I7bjAG7f_10-omCnnNagApUXlvlgQRd19fU8kTDrXu_4u6BF_gXcEG1XiPZc6O56QBiurAku_3Nvfn0ORnWSBhi6omc_2CqoI0-xaI5off_B303KG2&s=1
670;https://www.facebook.com/hashtag/endviolence?source=feed_text&story_id=1225182264159548
671;https://www.facebook.com/sharer/sharer.php?u=http%3A%2F%2Fwww.midi-madagasikara.mg%2Fdossiers%2F2016%2F10%2F04%2Fcybercriminalite-cette-nouvelle-forme-deliquance-de-crime%2F
672;https://www.facebook.com/sharer/sharer.php?u=http%3A%2F%2Fwww.midi-madagasikara.mg%2Ffaits-divers%2F2016%2F10%2F19%2Fambilobe-quatre-hommes-arretes-meurtre-dune-enseignante%2F
673;https://www.linkedin.com/shareArticle?mini=true&url=http%3A%2F%2Fwww.midi-madagasikara.mg%2Fdossiers%2F2016%2F10%2F04%2Fcybercriminalite-cette-nouvelle-forme-deliquance-de-crime%2F&title=La+cybercriminalit%C3%A9%2C+cette+nouvelle+forme+et+d%C3%A9liquance+et+de+crime
674;https://www.linkedin.com/shareArticle?mini=true&url=http%3A%2F%2Fwww.midi-madagasikara.mg%2Ffaits-divers%2F2016%2F10%2F19%2Fambilobe-quatre-hommes-arretes-meurtre-dune-enseignante%2F&title=Ambilobe+%3A+Quatre+hommes+arr%C3%AAt%C3%A9s+pour+le+meurtre+d%E2%80%99une+enseignante
675;mailto:?subject=NewsMada%20%3A%20Ampasimbe%20-Tsy%20neken%E2%80%99ny%20vahoaka%20ny%20ben%E2%80%99ny%20Tan%C3%A0na%20HVM%20%20%3A%20dimy%20no%20maty%2C%20nodoran%E2%80%99ny%20olona%20ny%20fiangonana%20Rhema&body=Je%20recommande%20cette%20page%3A%20Ampasimbe%20-Tsy%20neken%E2%80%99ny%20vahoaka%20ny%20ben%E2%80%99ny%20Tan%C3%A0na%20HVM%20%20%3A%20dimy%20no%20maty%2C%20nodoran%E2%80%99ny%20olona%20ny%20fiangonana%20Rhema.%0AVous%20pouvez%20lire%20sur%3A%20%20http%3A%2F%2Fwww.newsmada.com%2F2016%2F10%2F15%2Fampasimbe-tsy-nekenny-vahoaka-ny-benny-tanana-hvm-dimy-maty-nodoranny-olona-ny-fiangonana-rhema%2F
676;mailto:?subject=NewsMada%20%3A%20Ins%C3%A9curit%C3%A9%20%3A%20Les%20dahalo%20qui%20avaient%20attaqu%C3%A9%20derni%C3%A8rement%20la%20commune%20de%20Solila%2C%20district%20d%27Ikalamavony%2C%20ont%20br%C3%BBl%C3%A9%20vif%20les%206%20occupants%20d%27une%20maison%2C%20dont%20une%20femme%20enceinte&body=Je%20recommande%20cette%20page%3A%20Ins%C3%A9curit%C3%A9%20%3A%20Les%20dahalo%20qui%20avaient%20attaqu%C3%A9%20derni%C3%A8rement%20la%20commune%20de%20Solila%2C%20district%20d%27Ikalamavony%2C%20ont%20br%C3%BBl%C3%A9%20vif%20les%206%20occupants%20d%27une%20maison%2C%20dont%20une%20femme%20enceinte.%0AVous%20pouvez%20lire%20sur%3A%20%20http%3A%2F%2Fwww.newsmada.com%2F2016%2F10%2F19%2Finsecurite-les-dahalo-qui-avaient-attaque-dernierement-la-commune-de-solila-district-dikalamavony-ont-brule-vif-les-6-occupants-dune-maison-dont-une-femme-enceinte%2F
677;mailto:?subject=NewsMada%20%3A%20Reflet%20-%20Violence%20%C3%A0%20l%E2%80%99%C3%A9gard%20des%20enfants%20%3A%20les%20indicateurs%20au%20rouge%20dans%20l%E2%80%99Atsinanana&body=Je%20recommande%20cette%20page%3A%20Reflet%20-%20Violence%20%C3%A0%20l%E2%80%99%C3%A9gard%20des%20enfants%20%3A%20les%20indicateurs%20au%20rouge%20dans%20l%E2%80%99Atsinanana.%0AVous%20pouvez%20lire%20sur%3A%20%20http%3A%2F%2Fwww.newsmada.com%2F2016%2F09%2F30%2Freflet-violence-a-legard-des-enfants-les-indicateurs-au-rouge-dans-latsinanana%2F
678;mailto:?subject=NewsMada%20%3A%20Taksiborosy%20nivarina%20tao%20ambany%20tetezana%E2%80%A6%20%20%3A%20vehivavy%20iray%20maty%2C%20mpandeha%2011%20naratra%20mafy&body=Je%20recommande%20cette%20page%3A%20Taksiborosy%20nivarina%20tao%20ambany%20tetezana%E2%80%A6%20%20%3A%20vehivavy%20iray%20maty%2C%20mpandeha%2011%20naratra%20mafy.%0AVous%20pouvez%20lire%20sur%3A%20%20http%3A%2F%2Fwww.newsmada.com%2F2016%2F10%2F18%2Ftaksiborosy-nivarina-tao-ambany-tetezana-vehivavy-iray-maty-mpandeha-11-naratra-mafy%2F
679;mailto:?subject=http://%5BMidi+Madagasikara%5D+Ambilobe+%3A+Quatre+hommes+arr%C3%AAt%C3%A9s+pour+le+meurtre+d%E2%80%99une+enseignante&body=http://http%3A%2F%2Fwww.midi-madagasikara.mg%2Ffaits-divers%2F2016%2F10%2F19%2Fambilobe-quatre-hommes-arretes-meurtre-dune-enseignante%2F
680;mailto:?subject=http://%5BMidi+Madagasikara%5D+La+cybercriminalit%C3%A9%2C+cette+nouvelle+forme+et+d%C3%A9liquance+et+de+crime&body=http://http%3A%2F%2Fwww.midi-madagasikara.mg%2Fdossiers%2F2016%2F10%2F04%2Fcybercriminalite-cette-nouvelle-forme-deliquance-de-crime%2F
